START TRANSACTION;
SET time_zone = "+00:00";

/*!40101 SET @OLD_CHARACTER_SET_CLIENT=@@CHARACTER_SET_CLIENT */;
/*!40101 SET @OLD_CHARACTER_SET_RESULTS=@@CHARACTER_SET_RESULTS */;
/*!40101 SET @OLD_COLLATION_CONNECTION=@@COLLATION_CONNECTION */;
/*!40101 SET NAMES utf8mb4 */;


TRUNCATE TABLE assets_increment ;

SET IDENTITY_INSERT assets_increment ON ;
INSERT INTO assets_increment (id, investment_id, amount, date, updated_at, created_at) VALUES
(1, 1, 28527.3, '2025-11-25', '2025-12-01 22:33:50', '2025-12-01 22:33:50'),
(2, 2, 16387.59, '2025-11-25', '2025-12-01 22:33:50', '2025-12-01 22:33:50'),
(3, 3, 6772.27, '2025-11-25', '2025-12-01 22:33:50', '2025-12-01 22:33:50'),
(4, 1, 28550.52, '2025-11-26', '2025-12-01 22:33:50', '2025-12-01 22:33:50'),
(5, 2, 16387.59, '2025-11-26', '2025-12-01 22:33:50', '2025-12-01 22:33:50'),
(6, 3, 6772.27, '2025-11-26', '2025-12-01 22:33:50', '2025-12-01 22:33:50'),
(7, 1, 28550.52, '2025-11-27', '2025-12-01 22:33:50', '2025-12-01 22:33:50'),
(8, 2, 16387.59, '2025-11-27', '2025-12-01 22:33:50', '2025-12-01 22:33:50'),
(9, 3, 6772.27, '2025-11-27', '2025-12-01 22:33:50', '2025-12-01 22:33:50'),
(10, 1, 28574.9, '2025-11-28', '2025-12-01 22:33:50', '2025-12-01 22:33:50'),
(11, 2, 16433.24, '2025-11-28', '2025-12-01 22:33:50', '2025-12-01 22:33:50'),
(12, 3, 6763.42, '2025-11-28', '2025-12-01 22:33:50', '2025-12-01 22:33:50'),
(13, 1, 28574.9, '2025-11-29', '2025-12-01 22:33:50', '2025-12-01 22:33:50'),
(14, 2, 16433.24, '2025-11-29', '2025-12-01 22:33:50', '2025-12-01 22:33:50'),
(15, 3, 6832.16, '2025-11-29', '2025-12-01 22:33:50', '2025-12-01 22:33:50'),
(16, 1, 28574.9, '2025-11-30', '2025-12-01 22:33:50', '2025-12-01 22:33:50'),
(17, 2, 16433.24, '2025-11-30', '2025-12-01 22:33:50', '2025-12-01 22:33:50'),
(18, 3, 6832.16, '2025-11-30', '2025-12-01 22:33:50', '2025-12-01 22:33:50'),
(19, 1, 28579.19, '2025-12-01', '2025-12-02 05:00:04', '2025-12-02 05:00:04'),
(20, 2, 16460.33, '2025-12-01', '2025-12-02 05:00:04', '2025-12-02 05:00:04'),
(21, 3, 6808, '2025-12-01', '2025-12-02 05:00:04', '2025-12-02 05:00:04'),
(22, 1, 28625.33, '2025-12-02', '2025-12-03 05:00:04', '2025-12-03 05:00:04'),
(23, 2, 16468.25, '2025-12-02', '2025-12-03 05:00:04', '2025-12-03 05:00:04'),
(24, 3, 6778.85, '2025-12-02', '2025-12-03 05:00:04', '2025-12-03 05:00:04'),
(25, 1, 28639.89, '2025-12-03', '2025-12-04 05:00:04', '2025-12-04 05:00:04'),
(26, 2, 16468.25, '2025-12-03', '2025-12-04 05:00:04', '2025-12-04 05:00:04'),
(27, 3, 6802.19, '2025-12-03', '2025-12-04 05:00:04', '2025-12-04 05:00:04'),
(28, 1, 28639.89, '2025-12-04', '2025-12-05 05:00:04', '2025-12-05 05:00:04'),
(29, 2, 16468.25, '2025-12-04', '2025-12-05 05:00:04', '2025-12-05 05:00:04'),
(30, 3, 6802.19, '2025-12-04', '2025-12-05 05:00:04', '2025-12-05 05:00:04'),
(31, 1, 28544.97, '2025-12-05', '2025-12-06 05:00:04', '2025-12-06 05:00:04'),
(32, 2, 16468.25, '2025-12-05', '2025-12-06 05:00:04', '2025-12-06 05:00:04'),
(33, 3, 6768.25, '2025-12-05', '2025-12-06 05:00:04', '2025-12-06 05:00:04'),
(34, 1, 28558.38, '2025-12-06', '2025-12-07 05:00:07', '2025-12-07 05:00:07'),
(35, 2, 16468.25, '2025-12-06', '2025-12-07 05:00:07', '2025-12-07 05:00:07'),
(36, 3, 6855.99, '2025-12-06', '2025-12-07 05:00:07', '2025-12-07 05:00:07'),
(37, 1, 28558.38, '2025-12-07', '2025-12-08 05:00:05', '2025-12-08 05:00:05'),
(38, 2, 16468.25, '2025-12-07', '2025-12-08 05:00:05', '2025-12-08 05:00:05'),
(39, 3, 6855.99, '2025-12-07', '2025-12-08 05:00:05', '2025-12-08 05:00:05'),
(40, 1, 28563.48, '2025-12-08', '2025-12-09 05:00:07', '2025-12-09 05:00:07'),
(41, 2, 16468.25, '2025-12-08', '2025-12-09 05:00:07', '2025-12-09 05:00:07'),
(42, 3, 6871.37, '2025-12-08', '2025-12-09 05:00:07', '2025-12-09 05:00:07'),
(43, 1, 28609.33, '2025-12-09', '2025-12-10 05:00:03', '2025-12-10 05:00:03'),
(44, 2, 16472.73, '2025-12-09', '2025-12-10 05:00:03', '2025-12-10 05:00:03'),
(45, 3, 6909.58, '2025-12-09', '2025-12-10 05:00:03', '2025-12-10 05:00:03'),
(46, 1, 28627.5, '2025-12-10', '2025-12-11 05:00:06', '2025-12-11 05:00:06'),
(47, 2, 16479.95, '2025-12-10', '2025-12-11 05:00:06', '2025-12-11 05:00:06'),
(48, 3, 6909.58, '2025-12-10', '2025-12-11 05:00:06', '2025-12-11 05:00:06'),
(49, 1, 28627.5, '2025-12-11', '2025-12-12 05:00:04', '2025-12-12 05:00:04'),
(50, 2, 16479.95, '2025-12-11', '2025-12-12 05:00:04', '2025-12-12 05:00:04'),
(51, 3, 6909.58, '2025-12-11', '2025-12-12 05:00:04', '2025-12-12 05:00:04'),
(52, 1, 28648.69, '2025-12-12', '2025-12-13 05:00:04', '2025-12-13 05:00:04'),
(53, 2, 16511.11, '2025-12-12', '2025-12-13 05:00:04', '2025-12-13 05:00:04'),
(54, 3, 6987.28, '2025-12-12', '2025-12-13 05:00:04', '2025-12-13 05:00:04'),
(55, 1, 28648.69, '2025-12-13', '2025-12-14 05:00:07', '2025-12-14 05:00:07'),
(56, 2, 16511.11, '2025-12-13', '2025-12-14 05:00:07', '2025-12-14 05:00:07'),
(57, 3, 6987.28, '2025-12-13', '2025-12-14 05:00:07', '2025-12-14 05:00:07'),
(58, 1, 28648.69, '2025-12-14', '2025-12-15 05:00:03', '2025-12-15 05:00:03'),
(59, 2, 16511.11, '2025-12-14', '2025-12-15 05:00:03', '2025-12-15 05:00:03'),
(60, 3, 6987.28, '2025-12-14', '2025-12-15 05:00:03', '2025-12-15 05:00:03'),
(61, 1, 28661.55, '2025-12-15', '2025-12-16 05:00:03', '2025-12-16 05:00:03'),
(62, 2, 16549.04, '2025-12-15', '2025-12-16 05:00:03', '2025-12-16 05:00:03'),
(63, 3, 6947.78, '2025-12-15', '2025-12-16 05:00:03', '2025-12-16 05:00:03'),
(64, 1, 28691.85, '2025-12-16', '2025-12-17 05:00:04', '2025-12-17 05:00:04'),
(65, 2, 16584.85, '2025-12-16', '2025-12-17 05:00:04', '2025-12-17 05:00:04'),
(66, 3, 6947.78, '2025-12-16', '2025-12-17 05:00:04', '2025-12-17 05:00:04'),
(67, 1, 28730.69, '2025-12-17', '2025-12-18 05:00:03', '2025-12-18 05:00:03'),
(68, 2, 16584.85, '2025-12-17', '2025-12-18 05:00:03', '2025-12-18 05:00:03'),
(69, 3, 6947.78, '2025-12-17', '2025-12-18 05:00:04', '2025-12-18 05:00:04'),
(70, 1, 28745.81, '2025-12-18', '2025-12-19 05:00:05', '2025-12-19 05:00:05'),
(71, 2, 16589.67, '2025-12-18', '2025-12-19 05:00:05', '2025-12-19 05:00:05'),
(72, 3, 6913.17, '2025-12-18', '2025-12-19 05:00:05', '2025-12-19 05:00:05'),
(73, 1, 28752.78, '2025-12-19', '2025-12-20 05:00:03', '2025-12-20 05:00:03'),
(74, 2, 16592.96, '2025-12-19', '2025-12-20 05:00:03', '2025-12-20 05:00:03'),
(75, 3, 6972, '2025-12-19', '2025-12-20 05:00:03', '2025-12-20 05:00:03'),
(76, 1, 28752.78, '2025-12-20', '2025-12-21 05:00:08', '2025-12-21 05:00:08'),
(77, 2, 16592.96, '2025-12-20', '2025-12-21 05:00:08', '2025-12-21 05:00:08'),
(78, 3, 6972, '2025-12-20', '2025-12-21 05:00:08', '2025-12-21 05:00:08'),
(79, 1, 28752.78, '2025-12-21', '2025-12-22 05:00:03', '2025-12-22 05:00:03'),
(80, 2, 16592.96, '2025-12-21', '2025-12-22 05:00:03', '2025-12-22 05:00:03'),
(81, 3, 6972, '2025-12-21', '2025-12-22 05:00:03', '2025-12-22 05:00:03'),
(82, 1, 28674.04, '2025-12-22', '2025-12-23 05:00:04', '2025-12-23 05:00:04'),
(83, 2, 16600.2, '2025-12-22', '2025-12-23 05:00:04', '2025-12-23 05:00:04'),
(84, 3, 7029.27, '2025-12-22', '2025-12-23 05:00:04', '2025-12-23 05:00:04'),
(85, 1, 28697.22, '2025-12-23', '2025-12-24 05:00:04', '2025-12-24 05:00:04'),
(86, 2, 16603.82, '2025-12-23', '2025-12-24 05:00:04', '2025-12-24 05:00:04'),
(87, 3, 7029.27, '2025-12-23', '2025-12-24 05:00:04', '2025-12-24 05:00:04'),
(88, 1, 28697.22, '2025-12-24', '2025-12-25 05:00:03', '2025-12-25 05:00:03'),
(89, 2, 16603.82, '2025-12-24', '2025-12-25 05:00:03', '2025-12-25 05:00:03'),
(90, 3, 7029.27, '2025-12-24', '2025-12-25 05:00:03', '2025-12-25 05:00:03'),
(91, 1, 28719.92, '2025-12-25', '2025-12-26 05:00:03', '2025-12-26 05:00:03'),
(92, 2, 16607.69, '2025-12-25', '2025-12-26 05:00:03', '2025-12-26 05:00:03'),
(93, 3, 7029.27, '2025-12-25', '2025-12-26 05:00:03', '2025-12-26 05:00:03'),
(94, 1, 28724.49, '2025-12-26', '2025-12-27 05:00:05', '2025-12-27 05:00:05'),
(95, 2, 16616.78, '2025-12-26', '2025-12-27 05:00:05', '2025-12-27 05:00:05'),
(96, 3, 7111.54, '2025-12-26', '2025-12-27 05:00:05', '2025-12-27 05:00:05'),
(97, 1, 28724.49, '2025-12-27', '2025-12-28 05:00:04', '2025-12-28 05:00:04'),
(98, 2, 16616.78, '2025-12-27', '2025-12-28 05:00:04', '2025-12-28 05:00:04'),
(99, 3, 7111.54, '2025-12-27', '2025-12-28 05:00:04', '2025-12-28 05:00:04'),
(100, 1, 28724.49, '2025-12-28', '2025-12-29 05:00:07', '2025-12-29 05:00:07'),
(101, 2, 16616.78, '2025-12-28', '2025-12-29 05:00:07', '2025-12-29 05:00:07'),
(102, 3, 7111.54, '2025-12-28', '2025-12-29 05:00:07', '2025-12-29 05:00:07'),
(103, 1, 28751.12, '2025-12-29', '2025-12-30 05:00:03', '2025-12-30 05:00:03'),
(104, 2, 16639.98, '2025-12-29', '2025-12-30 05:00:03', '2025-12-30 05:00:03'),
(105, 3, 7149.38, '2025-12-29', '2025-12-30 05:00:03', '2025-12-30 05:00:03'),
(106, 1, 28785.59, '2025-12-30', '2025-12-31 05:00:04', '2025-12-31 05:00:04'),
(107, 2, 16692.88, '2025-12-30', '2025-12-31 05:00:04', '2025-12-31 05:00:04'),
(108, 3, 7149.38, '2025-12-30', '2025-12-31 05:00:04', '2025-12-31 05:00:04'),
(109, 1, 28785.59, '2025-12-31', '2026-01-01 05:00:03', '2026-01-01 05:00:03'),
(110, 2, 16692.88, '2025-12-31', '2026-01-01 05:00:03', '2026-01-01 05:00:03'),
(111, 3, 7149.38, '2025-12-31', '2026-01-01 05:00:03', '2026-01-01 05:00:03'),
(112, 1, 28785.59, '2026-01-01', '2026-01-02 05:00:05', '2026-01-02 05:00:05'),
(113, 2, 16692.88, '2026-01-01', '2026-01-02 05:00:05', '2026-01-02 05:00:05'),
(114, 3, 7149.38, '2026-01-01', '2026-01-02 05:00:05', '2026-01-02 05:00:05'),
(115, 1, 28701.88, '2026-01-02', '2026-01-03 05:00:03', '2026-01-03 05:00:03'),
(116, 2, 16710.03, '2026-01-02', '2026-01-03 05:00:03', '2026-01-03 05:00:03'),
(117, 3, 7133.73, '2026-01-02', '2026-01-03 05:00:03', '2026-01-03 05:00:03'),
(118, 1, 28701.88, '2026-01-03', '2026-01-04 05:00:07', '2026-01-04 05:00:07'),
(119, 2, 16710.03, '2026-01-03', '2026-01-04 05:00:07', '2026-01-04 05:00:07'),
(120, 3, 7133.73, '2026-01-03', '2026-01-04 05:00:07', '2026-01-04 05:00:07'),
(121, 1, 28701.88, '2026-01-04', '2026-01-05 05:00:05', '2026-01-05 05:00:05'),
(122, 2, 16710.03, '2026-01-04', '2026-01-05 05:00:05', '2026-01-05 05:00:05'),
(123, 3, 7133.73, '2026-01-04', '2026-01-05 05:00:05', '2026-01-05 05:00:05'),
(124, 1, 28716.45, '2026-01-05', '2026-01-06 05:00:04', '2026-01-06 05:00:04'),
(125, 2, 16711.25, '2026-01-05', '2026-01-06 05:00:04', '2026-01-06 05:00:04'),
(126, 3, 7132.74, '2026-01-05', '2026-01-06 05:00:04', '2026-01-06 05:00:04'),
(127, 1, 28730.79, '2026-01-06', '2026-01-07 05:00:03', '2026-01-07 05:00:03'),
(128, 2, 16714.07, '2026-01-06', '2026-01-07 05:00:03', '2026-01-07 05:00:03'),
(129, 3, 7132.74, '2026-01-06', '2026-01-07 05:00:03', '2026-01-07 05:00:03'),
(130, 1, 28743.84, '2026-01-07', '2026-01-08 05:00:05', '2026-01-08 05:00:05'),
(131, 2, 16719.58, '2026-01-07', '2026-01-08 05:00:05', '2026-01-08 05:00:05'),
(132, 3, 7161.69, '2026-01-07', '2026-01-08 05:00:05', '2026-01-08 05:00:05'),
(133, 1, 28754.93, '2026-01-08', '2026-01-09 05:00:03', '2026-01-09 05:00:03'),
(134, 2, 16719.58, '2026-01-08', '2026-01-09 05:00:03', '2026-01-09 05:00:03'),
(135, 3, 7184.98, '2026-01-08', '2026-01-09 05:00:03', '2026-01-09 05:00:03'),
(136, 1, 28666.05, '2026-01-09', '2026-01-10 05:00:03', '2026-01-10 05:00:03'),
(137, 2, 16719.58, '2026-01-09', '2026-01-10 05:00:03', '2026-01-10 05:00:03'),
(138, 3, 7256.09, '2026-01-09', '2026-01-10 05:00:03', '2026-01-10 05:00:03'),
(139, 1, 28666.05, '2026-01-10', '2026-01-11 05:00:08', '2026-01-11 05:00:08'),
(140, 2, 16719.58, '2026-01-10', '2026-01-11 05:00:08', '2026-01-11 05:00:08'),
(141, 3, 7256.09, '2026-01-10', '2026-01-11 05:00:08', '2026-01-11 05:00:08'),
(142, 1, 28666.05, '2026-01-11', '2026-01-12 05:00:03', '2026-01-12 05:00:03'),
(143, 2, 16719.58, '2026-01-11', '2026-01-12 05:00:03', '2026-01-12 05:00:03'),
(144, 3, 7256.09, '2026-01-11', '2026-01-12 05:00:03', '2026-01-12 05:00:03');

SET IDENTITY_INSERT assets_increment OFF;

TRUNCATE TABLE autos;
SET IDENTITY_INSERT autos ON ;
INSERT INTO autos (id, brand, model, year, plate, serie, client_id, comments, status, created_at, updated_at) VALUES
(1, 'Nissan', 'Versa', '2016', 'YYD-905-E', NULL, 1, NULL, 'Activo', '2025-03-01 03:44:01', '2025-03-01 03:44:01'),
(2, 'Mitsubishi', 'L200', '2013', 'YS-6460-C', NULL, 3, NULL, 'Activo', '2025-03-01 03:57:30', '2025-03-01 03:57:30'),
(3, 'Ford', 'Ranger', '2017', 'YS-6231-D', '8AFWR5AA3H6000287', 3, NULL, 'Activo', '2025-03-01 03:58:55', '2025-03-01 03:58:55'),
(4, 'Chevrolet', 'Beat', '2020X', 'YZJ-137-E', 'MA6CB5CD5LT009105', 4, 'Beat Plata', 'Activo', '2025-03-01 04:04:27', '2025-03-01 04:04:27'),
(5, 'Toyota', 'Camry', '2007', 'ZBE-290-E', '4T1BE46K97U620497', 5, NULL, 'Activo', '2025-03-01 04:08:43', '2025-03-01 04:08:43'),
(6, 'Mercedes Benz', 'GLK 280', '2009', NULL, 'WDCGG81D99F273937', 6, 'Camioneta color Negra', 'Activo', '2025-03-01 04:28:09', '2025-03-01 04:28:09'),
(7, 'Mercedes Benz', 'GLK 300', '2014', NULL, 'WDCGG9AB2EG310691', 6, 'Camioneta color Blanca', 'Activo', '2025-03-01 04:30:12', '2025-03-01 04:30:12'),
(8, 'Mazda', 'CX-7', '2012', NULL, NULL, 7, NULL, 'Activo', '2025-03-01 04:36:37', '2025-03-01 04:36:37'),
(9, 'Mercedes Benz', 'C 180', '2015', NULL, NULL, 8, NULL, 'Activo', '2025-03-01 04:44:09', '2025-03-01 04:44:09'),
(10, 'Lincoln', 'MKC', '2017', NULL, '5LMTJ3DHXHUL23433', 8, NULL, 'Activo', '2025-03-01 04:46:37', '2025-03-01 04:46:37'),
(11, 'Suzuki', 'Swift', '2023', NULL, NULL, 2, 'Chaquetin Suzuki blanco', 'Activo', '2025-03-01 04:53:41', '2025-03-01 04:53:41'),
(12, 'Ford', 'Ranger', '2008', NULL, '8AFDT50D886173565', 9, NULL, 'Activo', '2025-03-03 16:32:49', '2025-03-03 16:32:49'),
(13, 'Mercedes Benz', 'CLA 250', '2017', NULL, 'WDDSJ4EB2HN413842', 10, NULL, 'Activo', '2025-03-03 16:50:34', '2025-03-03 16:50:34'),
(14, 'BMW', '320i', '2016', NULL, 'WBA8A1100GK666484', 11, NULL, 'Activo', '2025-03-04 22:53:17', '2025-03-04 22:53:17'),
(15, 'Honda', 'CR-V', '2021', NULL, '1HGRW1898ML901525', 10, NULL, 'Activo', '2025-03-05 20:45:34', '2025-03-05 20:45:34'),
(16, 'Chevrolet', 'Spark', '2016', NULL, NULL, 13, NULL, 'Activo', '2025-03-08 01:55:22', '2025-03-08 01:55:22'),
(17, 'Seat', 'Toledo', '2018', NULL, 'VSSAE4NH1J1503414', 14, NULL, 'Activo', '2025-03-10 20:33:21', '2025-03-10 20:33:21'),
(18, 'Honda', 'Fit', '2016', NULL, '3HGGK5752GM004731', 15, NULL, 'Activo', '2025-03-12 16:24:19', '2025-03-12 16:24:19'),
(21, 'Nissan', 'March', '2018', NULL, '3N1CK3CD8JL274884', 16, NULL, 'Activo', '2025-03-14 16:57:30', '2025-03-14 16:57:30'),
(22, 'Suzuki', 'Swift', '2013', NULL, 'JS2ZC82S5D6108649', 2, 'Chaquetin Suzuki verde', 'Activo', '2025-03-15 18:41:27', '2025-03-15 18:41:27'),
(23, 'Nissan', 'NP 300', '2009', NULL, '3N6DD25T39K059227', 17, NULL, 'Activo', '2025-03-18 17:16:25', '2025-03-18 17:16:25'),
(24, 'Mercedes Benz', 'GLK 280', '2019', NULL, 'WDC0G4KB9KF463072', 18, NULL, 'Activo', '2025-03-22 00:15:44', '2025-03-22 00:15:44'),
(25, 'Audi', 'A4', '2001', NULL, 'WAUAC28D91A099652', 12, NULL, 'Activo', '2025-03-22 00:39:13', '2025-03-22 00:39:13'),
(26, 'Chevrolet', 'Aveo', '2017', NULL, '3G1TA5AF2HL131707', 19, NULL, 'Activo', '2025-03-25 18:30:04', '2025-03-25 18:30:04'),
(27, 'Mercedes Benz', 'C 230 KOMPRESSOR', '2000', NULL, 'WDBHA24G3YA801481', 20, NULL, 'Activo', '2025-04-01 04:32:51', '2025-04-01 04:32:51'),
(28, 'Mercedes Benz', 'C 200', '2012', NULL, 'WDDGF4JB1CA589729', 4, NULL, 'Activo', '2025-04-01 15:18:12', '2025-04-01 15:18:12'),
(29, 'BMW', 'Mini Cooper S', '2018', NULL, 'WMWXM7100J2G85553', 21, NULL, 'Activo', '2025-04-22 00:29:04', '2025-04-22 00:29:04'),
(30, 'BMW', 'Mini Cooper', '2015', NULL, 'WMWXM5100F3A13336', 22, NULL, 'Activo', '2025-04-22 00:38:21', '2025-04-22 00:38:21'),
(31, 'Mercedes Benz', 'C 180', '2013', NULL, 'WDDGF3BB0DF951952', 23, NULL, 'Activo', '2025-04-22 00:47:03', '2025-04-22 00:47:03'),
(32, 'Audi', 'A6', '2000', NULL, 'WAUEH54B5YN079507', 24, NULL, 'Activo', '2025-04-22 00:53:13', '2025-04-22 00:53:13'),
(33, 'BMW', '420i', '2018', NULL, 'WBA4D3107HG767897', 25, NULL, 'Activo', '2025-04-25 03:23:43', '2025-04-25 03:23:43'),
(34, 'Kia', 'Sorento', '2019', NULL, '5XYPG4A32KG573103', 26, NULL, 'Activo', '2025-04-25 03:36:04', '2025-04-25 03:36:04'),
(35, 'Mazda', 'Mazda 3', '2014', NULL, 'JM1BM1W39E1132728', 25, 'Motor 2.5L', 'Activo', '2025-04-25 15:55:33', '2025-04-25 15:55:33'),
(36, 'BMW', 'X3', '2013', NULL, 'WBAWX9106D0C74513', 27, NULL, 'Activo', '2025-04-28 23:57:40', '2025-04-28 23:57:40'),
(37, 'Chevrolet', 'Chevy', '2004', NULL, '3G1SF61X04S150400', 28, NULL, 'Activo', '2025-05-08 19:12:11', '2025-05-08 19:12:11'),
(38, 'Nissan', 'NP 300', '2014', NULL, NULL, 29, NULL, 'Activo', '2025-05-13 18:56:58', '2025-05-13 18:56:58'),
(39, 'GMC', 'Acadia', '2017', NULL, '1GKKNKLAXHZ296215', 30, NULL, 'Activo', '2025-05-13 22:15:40', '2025-05-13 22:15:40'),
(40, 'Toyota', 'Avanza', '2009', NULL, 'MHFMC13F59K004727', 31, NULL, 'Activo', '2025-05-17 00:16:20', '2025-05-17 00:16:20'),
(41, 'Ford', 'Fiesta Ikon', '2012', NULL, 'MAJFP1HD3CC108804', 2, NULL, 'Activo', '2025-05-19 18:08:44', '2025-05-19 18:08:44'),
(42, 'Mercedes Benz', 'C 280', '1995', NULL, 'WDB2020285F194493', 32, NULL, 'Activo', '2025-05-19 18:44:31', '2025-05-19 18:44:31'),
(43, 'Ford', 'EcoSport', '2015', NULL, 'MAJUP3SF0FC138523', 33, NULL, 'Activo', '2025-05-19 18:59:29', '2025-05-19 18:59:29'),
(44, 'Nissan', 'NP 300', '2018', NULL, NULL, 29, NULL, 'Activo', '2025-05-29 19:37:26', '2025-05-29 19:37:26'),
(45, 'Toyota', 'Sienna', '2022', NULL, '5TDGRKEC3NS107082', 34, NULL, 'Activo', '2025-06-05 00:34:08', '2025-06-05 00:34:08'),
(46, 'Seat', 'Ibiza', '2013', NULL, 'VSSMK46J1DR057827', 35, NULL, 'Activo', '2025-06-05 23:34:05', '2025-06-05 23:34:05'),
(47, 'Dodge', 'Grand Caravan', '2019', NULL, '2C4RDGBGXKR538731', 36, NULL, 'Activo', '2025-06-10 23:40:33', '2025-06-10 23:40:33'),
(48, 'XXXX', 'XXXX', 'XXXX', NULL, 'XXXXXXXXXXXXXXX', 37, NULL, 'Activo', '2025-06-10 23:44:08', '2025-06-10 23:44:08'),
(49, 'Jeep', 'Compass', '2014', NULL, '1C4AJCAB2ED629570', 38, NULL, 'Activo', '2025-06-16 19:36:04', '2025-06-16 19:36:04'),
(50, 'Mitsubishi', 'L200', '2022', NULL, 'MMBMLV5G6NH054899', 3, NULL, 'Activo', '2025-06-16 22:27:39', '2025-06-16 22:27:39'),
(51, 'Audi', 'Q7', '2011', NULL, 'WAUAGD4LXBD002701', 26, NULL, 'Activo', '2025-06-25 17:15:10', '2025-06-25 17:15:10'),
(52, 'Chevrolet', 'Traverse', '2010', NULL, '1GNLVFED5AJ205569', 39, NULL, 'Activo', '2025-07-04 00:23:11', '2025-07-04 00:23:11'),
(53, 'Nissan', 'NP 300', '2008', NULL, '3N6DD14S68K018317', 29, 'Camioneta Roja', 'Activo', '2025-07-04 23:21:39', '2025-07-04 23:21:39'),
(54, 'Kia', 'Sorento', '2018', NULL, '5XYPG4A37JG394022', 40, NULL, 'Activo', '2025-07-28 20:34:46', '2025-07-28 20:34:46'),
(56, 'Toyota', 'Avanza', '2008', NULL, 'MHFMC13F88K001710', 31, 'Blanco', 'Activo', '2025-08-20 19:13:33', '2025-08-20 19:13:33'),
(57, 'Toyota', 'RAV-4', '2016', NULL, '2T3RFREVXGW505709', 41, 'Misol-Ha', 'Activo', '2025-08-28 22:48:50', '2025-08-28 22:48:50'),
(58, 'Toyota', 'RAV-4', '2016', NULL, '2T3RFREVXGW505709', 41, 'Misol-Ha', 'Activo', '2025-08-28 22:49:04', '2025-08-28 22:49:04'),
(59, 'Toyota', 'RAV-4', '2016', NULL, '2T3RFREVXGW505709', 41, 'Misol-Ha', 'Activo', '2025-08-28 22:49:07', '2025-08-28 22:49:07'),
(60, 'BMW', '325i', '2011', NULL, 'WBAPH1100BA962160', 42, NULL, 'Activo', '2025-09-23 00:08:06', '2025-09-23 00:08:06'),
(61, 'BMW', '325i', '2011', NULL, 'WBAPH1100BA962160', 42, NULL, 'Activo', '2025-09-23 00:08:07', '2025-09-23 00:08:07'),
(62, 'Toyota', 'RAV-4', '2016', NULL, '2T3DFREV7GW520405', 43, NULL, 'Activo', '2025-09-26 18:27:17', '2025-09-26 18:27:17'),
(63, 'Nissan', 'Altima', '2007', NULL, '1N4AL21D17C129470', 16, NULL, 'Activo', '2025-09-29 23:00:04', '2025-09-29 23:00:04'),
(64, 'Mercedes Benz', 'CLA 250', '2016', NULL, 'WDDSJ4EB8GN250788', 20, NULL, 'Activo', '2025-10-06 16:51:35', '2025-10-06 16:51:35'),
(65, 'Dodge', 'Dakota', '2012', NULL, '1C6RDUAK0CS712205', 44, NULL, 'Activo', '2025-10-10 00:26:40', '2025-10-10 00:26:40'),
(66, 'Suzuki', 'Ignis', '2019', NULL, 'JS2FH81S3K6104960', 2, 'Suzuki Ignis', 'Activo', '2025-10-25 18:29:26', '2025-10-25 18:29:26'),
(67, 'Dodge', 'Journey', '2015', NULL, '3C4PDCCB6FT525822', 45, NULL, 'Activo', '2025-10-29 18:31:32', '2025-10-29 18:31:32'),
(68, 'Chevrolet', 'Beat', '2020', NULL, 'MA6CC5CDXLT058605', 4, 'Beat Negro', 'Activo', '2025-10-31 01:17:41', '2025-10-31 01:17:41'),
(69, 'BMW', 'Mini Cooper', '2021', NULL, 'WMWXU7103M2N70947', 18, NULL, 'Activo', '2025-11-12 00:36:52', '2025-11-12 00:36:52'),
(70, 'Nissan', 'Sentra', '2010', NULL, '3N1A36AD5AL701787', 46, NULL, 'Activo', '2025-11-14 18:28:06', '2025-11-14 18:28:06'),
(71, 'Volkswagen', 'Jetta', '2011', NULL, '3VW1V09M0BM065827', 47, NULL, 'Activo', '2025-12-12 18:52:54', '2025-12-12 18:52:54'),
(72, 'Mazda', 'Mazda 3', '2015', NULL, '3MZBM276FM191229', 45, NULL, 'Activo', '2025-12-29 18:00:36', '2025-12-29 18:00:36'),
(73, 'Volkswagen', 'Up!', '2018', NULL, '9BWAG4126JT525349', 45, NULL, 'Activo', '2025-12-31 15:49:24', '2025-12-31 15:49:24');

SET IDENTITY_INSERT autos OFF;

TRUNCATE TABLE bitso_data;
SET IDENTITY_INSERT bitso_data ON ;
INSERT INTO bitso_data (id, book, amount, price, purchase_value, active, created_at, updated_at) VALUES
(1, 'btc_mxn', 0.00059228, 1677090, 993.3068652, 0, '2025-11-19 20:49:48', '2025-12-09 17:21:58'),
(3, 'btc_usdt', 0.00044336, 85350, 37.840776, 0, '2025-12-16 17:35:38', '2026-01-02 02:45:25'),
(2, 'btc_mxn', 0.00109401, 1875000, 2051.26, 1, '2025-11-05 00:29:45', '2025-11-23 00:29:45'),
(4, 'btc_usdt', 0.0002098, 85350, 17.90643, 0, '2025-12-16 17:36:43', '2026-01-02 02:45:22'),
(5, 'btc_mxn', 0.00062812, 1582020, 993.6984024, 0, '2025-12-19 15:58:17', '2026-01-02 02:45:17');

SET IDENTITY_INSERT bitso_data OFF;

TRUNCATE TABLE brands;
SET IDENTITY_INSERT brands ON ;
INSERT INTO brands (id, brand, premium, icon) VALUES
(1, 'Nissan', 0, NULL),
(2, 'Mitsubishi', 0, NULL),
(3, 'Ford', 0, NULL),
(4, 'Chevrolet', 0, NULL),
(5, 'Toyota', 0, NULL),
(6, 'Mercedes Benz', 1, NULL),
(7, 'Mazda', 0, NULL),
(8, 'Lincoln', 1, NULL),
(9, 'Suzuki', 0, NULL),
(10, 'BMW', 1, NULL),
(11, 'Honda', 0, NULL),
(12, 'Seat', 1, NULL),
(13, 'Audi', 1, NULL),
(14, 'Kia', 0, NULL),
(15, 'GMC', 0, NULL),
(16, 'Dodge', 0, NULL),
(17, 'XXXX', 0, NULL),
(18, 'Jeep', 0, NULL),
(19, 'Volkswagen', 0, NULL);

SET IDENTITY_INSERT brands OFF;

TRUNCATE TABLE calendar;
SET IDENTITY_INSERT calendar ON ;
INSERT INTO calendar (id, name, description, client_id, car_id, event_date, status, notified, created_at, updated_at) VALUES
(1, 'Mantenimiento programado', 'Mantenimiento programado', 16, 21, '2026-02-26', 'Pendiente', 0, '2025-11-22 17:00:04', '2025-11-22 17:00:04'),
(2, 'Mantenimiento programado', 'Mantenimiento programado', 2, 66, '2026-03-25', 'Pendiente', 0, '2025-11-22 17:00:04', '2025-11-22 17:00:04'),
(3, 'Mantenimiento programado', 'Mantenimiento programado', 35, 46, '2026-04-22', 'Pendiente', 0, '2025-11-24 17:00:03', '2025-11-24 17:00:03');

SET IDENTITY_INSERT calendar OFF;

TRUNCATE TABLE clients;
SET IDENTITY_INSERT clients ON ;
INSERT INTO clients (id, name, email, phone, postcode, street, address, city, state, rfc, comments, status, created_at, updated_at) VALUES
(1, 'Sandra Elena Rosado Rodriguez', 'levicorazon7@gmail.com', '9993623334', '97143', 'C- 33 #336 x 20 y 22', 'Polígono 108', 'Mérida', 'Yucatán', NULL, NULL, 'Activo', '2025-03-01 03:36:25', '2025-03-01 03:36:25'),
(2, 'Uriel Antonio Ruiz Yupit', 'antonio_012994@hotmail.com', '9991408358', '97302', NULL, 'Las Américas', 'Mérida', 'Yucatán', NULL, NULL, 'Activo', '2025-03-01 03:50:19', '2025-03-01 03:50:19'),
(3, 'Jovani Arodi', NULL, '9995887787', '97290', 'C- 179a #731 x 98 y 100', 'San Antonio Xluch II', 'Mérida', 'Yucatán', NULL, NULL, 'Activo', '2025-03-01 03:52:55', '2025-03-01 03:52:55'),
(4, 'Jose Eduardo Blanco Encalada', 'lalola838@gmail.com', '9992029833', '97390', 'C- 31k #674e x 36c y 36a', 'Acim I', 'Umán', 'Yucatán', NULL, NULL, 'Activo', '2025-03-01 04:02:22', '2025-03-01 04:02:22'),
(5, 'Roberto Leal', NULL, '9991513495', '97000', NULL, 'Mérida Centro', 'Mérida', 'Yucatán', NULL, NULL, 'Activo', '2025-03-01 04:05:27', '2025-03-01 04:05:27'),
(6, 'Gerardo Abraham Pujula Tiburcio', 'gerardopujula@yahoo.com.mx', '9993388788', '97130', 'C- 23 #306 x 32 y 34', 'Montecarlo', 'Mérida', 'Yucatán', NULL, NULL, 'Activo', '2025-03-01 04:23:54', '2025-03-01 04:23:54'),
(7, 'Carlos Chan', NULL, '9993661948', NULL, NULL, '- Selecciona una colonia -', NULL, NULL, NULL, NULL, 'Activo', '2025-03-01 04:34:03', '2025-03-01 04:34:03'),
(8, 'Armando López', NULL, '9991464650', '97113', 'C-12b #318a x 17 y 19', 'Montebello', 'Mérida', 'Yucatán', NULL, NULL, 'Activo', '2025-03-01 04:43:13', '2025-03-01 04:43:13'),
(9, 'Cesar Edgardo Aguilar Mex', NULL, '9995075694', '97370', 'C- 25 #580 x 32 y 34', 'San Pedro Noh Pat', 'Kanasín', 'Yucatán', NULL, NULL, 'Activo', '2025-03-03 16:32:23', '2025-03-03 16:32:23'),
(10, 'Omar Baeza', NULL, '9995689951', '97246', 'C- 33 #517 x 36 y 38', 'Juan Pablo II', 'Mérida', 'Yucatán', NULL, NULL, 'Activo', '2025-03-03 16:48:15', '2025-03-03 16:48:15'),
(11, 'Roger Alonso', NULL, '9811712253', NULL, NULL, '- Selecciona una colonia -', NULL, NULL, NULL, NULL, 'Activo', '2025-03-04 22:52:08', '2025-03-04 22:52:08'),
(12, 'Francisco Javier Rubio Magaña', NULL, '9994484463', '97306', 'C- 142a #734 x 135 y 137', 'Los Héroes', 'Mérida', 'Yucatán', NULL, NULL, 'Activo', '2025-03-08 01:41:13', '2025-03-08 01:41:13'),
(13, 'Carlos Chablé Contreras', NULL, '9991070877', NULL, NULL, '- Selecciona una colonia -', NULL, NULL, NULL, NULL, 'Activo', '2025-03-08 01:52:54', '2025-03-08 01:52:54'),
(14, 'Luis Renan Domínguez Rosado', NULL, '9993266914', '97306', 'C- 115 #640 x 144 y 146', 'Los Héroes', 'Mérida', 'Yucatán', NULL, NULL, 'Activo', '2025-03-10 20:32:24', '2025-03-10 20:32:24'),
(15, 'Alexis Gimenez Mata', NULL, '5531485350', NULL, NULL, '- Selecciona una colonia -', NULL, NULL, NULL, NULL, 'Activo', '2025-03-12 16:23:15', '2025-03-12 16:23:15'),
(16, 'Ismael Giovanhy López Bates', NULL, '9992676962', '97306', 'C- 142a #742 x 135 y 137', 'Los Héroes', 'Mérida', 'Yucatán', NULL, NULL, 'Activo', '2025-03-14 16:55:53', '2025-03-14 16:55:53'),
(17, 'José Ricardo Tzuc García', NULL, '9991727898', '97173', 'C- 19 #271 x 16 y 18', 'San Jose Vergel', 'Mérida', 'Yucatán', NULL, NULL, 'Activo', '2025-03-18 17:10:49', '2025-03-18 17:10:49'),
(18, 'Emanuel Perez', NULL, '9999587241', NULL, NULL, '- Selecciona una colonia -', NULL, NULL, NULL, NULL, 'Activo', '2025-03-22 00:14:09', '2025-03-22 00:14:09'),
(19, 'Gustavo Barrero', NULL, '9992748354', NULL, NULL, '- Selecciona una colonia -', 'Mérida', 'Yucatán', NULL, NULL, 'Activo', '2025-03-25 18:28:55', '2025-03-25 18:28:55'),
(20, 'Daniel Pech', NULL, '9994240486', NULL, NULL, '- Selecciona una colonia -', NULL, NULL, NULL, NULL, 'Activo', '2025-04-01 04:30:38', '2025-04-01 04:30:38'),
(21, 'Matias Fuentes', NULL, '5648265852', NULL, NULL, '- Selecciona una colonia -', NULL, NULL, NULL, NULL, 'Activo', '2025-04-22 00:24:50', '2025-04-22 00:24:50'),
(22, 'Denis Lugo', NULL, '9992927013', '97219', 'C- 25 a #295 x 21 diag. y 28', 'Jardines de Pensiones', 'Mérida', 'Yucatán', NULL, NULL, 'Activo', '2025-04-22 00:34:16', '2025-04-22 00:34:16'),
(23, 'Maria Gelisle Reyes Reyes', NULL, '9991844984', '97230', 'C- 59d #557c x 112 y 114', 'Armando Avila Gurrutia', 'Mérida', 'Yucatán', NULL, NULL, 'Activo', '2025-04-22 00:45:20', '2025-09-19 00:36:39'),
(24, 'Victor Villaca', NULL, '9993048326', NULL, NULL, '- Selecciona una colonia -', NULL, NULL, NULL, NULL, 'Activo', '2025-04-22 00:51:32', '2025-04-22 00:51:32'),
(25, 'Miguel Carrillo', NULL, '9994458517', NULL, NULL, '- Selecciona una colonia -', NULL, NULL, NULL, NULL, 'Activo', '2025-04-25 03:22:09', '2025-04-25 03:22:09'),
(26, 'Danilu Berzunza Novelo', NULL, '9991117605', NULL, NULL, '- Selecciona una colonia -', NULL, NULL, NULL, NULL, 'Activo', '2025-04-25 03:31:21', '2025-04-25 03:31:21'),
(27, 'Sergio Falcón', NULL, '9991732931', NULL, NULL, '- Selecciona una colonia -', NULL, NULL, NULL, NULL, 'Activo', '2025-04-28 23:53:59', '2025-04-28 23:53:59'),
(28, 'Karina Briceño', NULL, '9992967992', '97198', 'C- 42a #559a X 61 privada', 'Reparto Granjas', 'Mérida', 'Yucatán', NULL, NULL, 'Activo', '2025-05-08 19:10:45', '2025-05-08 19:10:45'),
(29, 'Negocios y Ensambles', NULL, '9992194074', NULL, NULL, '- Selecciona una colonia -', NULL, NULL, NULL, NULL, 'Activo', '2025-05-13 18:56:35', '2025-05-13 18:56:35'),
(30, 'Joel Estrada González', NULL, '6141611212', '97302', 'Privada Atull int. 7 Temozón Nte.', 'Temozón Norte', 'Mérida', 'Yucatán', NULL, NULL, 'Activo', '2025-05-13 22:13:26', '2025-05-13 22:13:26'),
(31, 'Miguel Arcangel Chable Cocom', NULL, '9971347916', '97864', 'C-37 x 26 y 28', 'Santiago', 'Ticul', 'Yucatán', NULL, NULL, 'Activo', '2025-05-17 00:14:53', '2025-05-17 00:14:53'),
(32, 'Juan Carlos Ortiz', NULL, '9999694101', NULL, NULL, '- Selecciona una colonia -', NULL, NULL, NULL, NULL, 'Activo', '2025-05-19 18:33:28', '2025-05-19 18:33:28'),
(33, 'Miguel Palma', NULL, '9992704636', NULL, NULL, '- Selecciona una colonia -', NULL, NULL, NULL, NULL, 'Activo', '2025-05-19 18:58:19', '2025-05-19 18:58:19'),
(34, 'Román Soberanis', NULL, '9993675229', '97143', NULL, 'Polígono 108', 'Mérida', 'Yucatán', NULL, NULL, 'Activo', '2025-06-05 00:32:24', '2025-06-05 00:32:24'),
(35, 'Roxana', NULL, '9992518640', NULL, NULL, '- Selecciona una colonia -', NULL, NULL, NULL, NULL, 'Activo', '2025-06-05 23:32:14', '2025-06-05 23:32:14'),
(36, 'Fernando Guzmán Rodríguez', NULL, '5535403695', NULL, NULL, '- Selecciona una colonia -', NULL, NULL, NULL, NULL, 'Activo', '2025-06-10 23:39:42', '2025-06-10 23:39:42'),
(37, 'Público En General', 'XXXXXXXXXXXXXXXXXXXXX', '0000000000', 'XXXXX', 'XXXXXXXXXXXXXXXXXX', NULL, 'XXXXX', 'XXXX', 'XXXXXXX', NULL, 'Activo', '2025-06-10 23:42:02', '2025-06-10 23:42:02'),
(38, 'Jafet Carbajal Achach', NULL, '9997813663', '97115', 'C- 42 #281 X 31 y 33', 'Sodzil Norte', 'Mérida', 'Yucatán', NULL, NULL, 'Activo', '2025-06-16 19:33:44', '2025-06-16 19:33:44'),
(39, 'Alfredo Jiménez', NULL, '9992458744', NULL, NULL, '- Selecciona una colonia -', NULL, NULL, NULL, NULL, 'Activo', '2025-07-01 18:53:30', '2025-07-01 18:53:30'),
(40, 'Edgardo Baeza Castillo', NULL, '9858580843', NULL, NULL, '- Selecciona una colonia -', NULL, NULL, NULL, 'Vecino Valladolid', 'Activo', '2025-07-28 20:32:46', '2025-07-28 20:32:46'),
(41, 'Jorge', NULL, '9993503705', NULL, NULL, '- Selecciona una colonia -', NULL, NULL, NULL, 'Misol-Ha', 'Activo', NULL, '2025-08-28 22:49:34'),
(42, 'Rene Ramirez', NULL, '9993869348', NULL, NULL, '- Selecciona una colonia -', NULL, NULL, NULL, NULL, 'Activo', NULL, NULL),
(43, 'Marlo', NULL, '9995025571', NULL, NULL, '- Selecciona una colonia -', NULL, NULL, NULL, NULL, 'Activo', NULL, NULL),
(44, 'Alejandro Fuentes Pasos', NULL, '9992182357', NULL, NULL, '- Selecciona una colonia -', NULL, NULL, NULL, NULL, 'Activo', NULL, NULL),
(45, 'Ileana De La Torre', NULL, '9991306421', '97302', 'C- 55b #956 X 120 y 114a', 'Las Américas', 'Mérida', 'Yucatán', NULL, NULL, 'Activo', NULL, '2025-10-29 18:27:08'),
(46, 'Cindy Carolina Sanchez Romero', NULL, '9993653440', '97370', 'C- 2D #277', 'Francisco Villa Oriente', 'Kanasín', 'Yucatán', NULL, NULL, 'Activo', NULL, '2025-11-14 18:30:39'),
(47, 'Danna Michelle', NULL, '9851096620', '97306', 'C- 142a #736 x 135 y 137', 'Los Héroes', 'Mérida', 'Yucatán', NULL, NULL, 'Activo', NULL, NULL),
(48, 'Orlando Quesada Oliva', NULL, '9988459955', NULL, NULL, '- Selecciona una colonia -', NULL, NULL, NULL, NULL, 'Activo', NULL, NULL);

SET IDENTITY_INSERT clients OFF;

TRUNCATE TABLE employees;
SET IDENTITY_INSERT employees ON ;
INSERT INTO employees (id, user_id, salary, extra, periodicity, depto, rfc, curp, nss, status, start_date, end_date, comments, created_at, updated_at) VALUES
(1, 1, 0, 0, '', 'Admin', 'TUCM851227ES3', NULL, NULL, 'Activo', '2023-02-27', NULL, NULL, NULL, NULL),
(2, 2, 0, NULL, 'Sin definir', 'Gerencia', NULL, NULL, NULL, 'Activo', '2023-02-27', NULL, NULL, '2025-02-27 20:35:13', '2025-02-27 20:35:13'),
(3, 3, 3000, NULL, 'Semanal', 'Mecanica', 'XIOA950412', 'XIOA950412HYNXRL05', '84139517167', 'Activo', '2024-01-22', NULL, 'Mecanico', '2024-01-22 20:35:59', '2025-02-27 20:35:59');

SET IDENTITY_INSERT employees OFF;

TRUNCATE TABLE employees_vacations;
SET IDENTITY_INSERT employees_vacations ON ;
INSERT INTO employees_vacations (id, employee_id, type, date, status, comment, updated_at, created_at) VALUES
(1, 3, 'Vacaciones', '2024-06-22', 'Autorizado', NULL, '2025-11-03 22:40:17', '2025-08-22 20:35:39'),
(2, 3, 'Vacaciones', '2024-06-24', 'Autorizado', NULL, '2025-11-03 22:40:20', '2025-08-22 20:36:03'),
(3, 3, 'Vacaciones', '2025-05-05', 'Autorizado', NULL, '2025-11-03 22:40:22', '2025-08-22 20:36:24'),
(4, 3, 'Vacaciones', '2025-06-09', 'Autorizado', NULL, '2025-11-03 22:40:25', '2025-08-22 20:37:23'),
(5, 3, 'Vacaciones', '2025-08-02', 'Autorizado', NULL, '2025-11-03 22:40:26', '2025-08-22 20:39:21'),
(6, 3, 'Vacaciones', '2025-08-15', 'Autorizado', NULL, '2025-11-03 22:40:29', '2025-08-22 20:39:41'),
(7, 3, 'Vacaciones', '2025-09-01', 'Autorizado', NULL, '2025-11-03 22:40:30', '2025-08-22 20:43:27'),
(8, 3, 'Vacaciones', '2025-11-18', 'Autorizado', NULL, '2025-11-03 22:40:32', '2025-11-03 20:49:05'),
(9, 3, 'Vacaciones', '2025-11-19', 'Autorizado', NULL, '2025-11-03 22:40:34', '2025-11-03 20:49:18'),
(10, 3, 'Vacaciones', '2025-11-15', 'Autorizado', NULL, '2025-11-19 20:36:02', '2025-11-19 20:36:02');

SET IDENTITY_INSERT employees_vacations OFF;

TRUNCATE TABLE expenses;
SET IDENTITY_INSERT expenses ON ;
INSERT INTO expenses (id, name, description, amount, price, status, expense_date, responsible, attach, created_at, updated_at) VALUES
(7, 'Lavado de carro', 'Lavado y aspirado Mercedes Benz CLA 250', 1, 200, 'Pagado', '2025-03-04', 4, '', '2025-03-05 02:07:12', '2025-03-05 02:07:12'),
(10, 'Soldadura', '1 kg soldadura', 1, 75, 'Pagado', '2025-03-04', 4, '1741390222.jpg', '2025-03-05 02:08:14', '2025-03-05 02:08:14'),
(14, 'Lavado de carro', 'Lavado de Honda CR-V\r\nLavado de BMW 320i', 1, 400, 'Pagado', '2025-03-15', 4, '', '2025-03-15 12:16:52', '2025-03-15 12:16:52'),
(15, 'Luz', 'Pago de luz', 1, 605, 'Pagado', '2025-03-15', 4, '1742603760.jpg', '2025-03-15 12:18:36', '2025-03-15 12:18:36'),
(17, 'Honda CR-V', 'Ligas para intercooler\r\nTornillos para intercooler', 1, 297, 'Pagado', '2025-03-15', 4, '', '2025-03-15 12:22:20', '2025-03-15 12:22:20'),
(19, 'Herramienta', 'Pata de cabra', 1, 153, 'Pagado', '2025-03-18', 4, '1742603644.jpg', '2025-03-19 01:29:21', '2025-03-19 01:29:21'),
(20, 'Soga', '5 metros de soga', 1, 40, 'Pagado', '2025-03-20', 4, '', '2025-03-20 17:22:19', '2025-03-20 17:22:19'),
(21, 'Internet', 'Pago de Internet', 1, 250, 'Pagado', '2025-03-21', 4, '1742589825.jpg', '2025-03-21 20:43:45', '2025-03-21 20:43:45'),
(22, 'Lavado de carro', 'Lavado y aspirado Mercedes Benz GLC 300', 1, 200, 'Pagado', '2025-03-21', 4, '', '2025-03-22 00:31:10', '2025-03-22 00:31:10'),
(24, 'Tornillos', 'Dos bolsas de tornillos para láminas', 1, 109, 'Pagado', '2025-03-24', 4, '1742851385.jpg', '2025-03-24 21:23:05', '2025-03-24 21:23:05'),
(25, 'Láminas', 'Compra de láminas más $300 de envío', 1, 3312, 'Pagado', '2025-03-24', 4, '1742851529.jpg', '2025-03-24 21:25:29', '2025-03-24 21:25:29'),
(26, 'Tornillos', 'Compra de dos focos para área de taller', 1, 507, 'Pagado', '2025-03-24', 4, '1742851681.jpg', '2025-03-24 21:28:01', '2025-03-24 21:28:01'),
(27, 'Licencia de uso de suelo', 'Pago de licencia de uso de suelo, ayuntamiento kanasin', 1, 23985, 'Pagado', '2025-03-24', 4, '1742863599.jpg', '2025-03-25 00:46:39', '2025-03-25 00:46:39'),
(29, 'Garantía', 'Seat Toledo, cubre polvo lado rueda', 1, 160, 'Pagado', '2025-04-21', 4, '', '2025-04-21 23:59:01', '2025-04-21 23:59:01'),
(30, 'Pozo', 'Pozo para agua', 1, 4000, 'Pagado', '2025-04-21', 4, '', '2025-04-21 23:59:49', '2025-04-21 23:59:49'),
(31, 'Tuberias para pozo', 'Codos, coples, pegamento para pozo', 1, 198, 'Pagado', '2025-04-21', 4, '', '2025-04-22 00:40:22', '2025-04-22 00:40:22'),
(32, 'Internet', 'Pago de internet', 1, 250, 'Pagado', '2025-04-22', 4, '', '2025-04-22 17:38:23', '2025-04-22 17:38:23'),
(33, 'Cintillas', 'Cintillas', 1, 70, 'Pagado', '2025-04-24', 4, '', '2025-04-25 03:21:31', '2025-04-25 03:21:31'),
(34, 'Productos area taller', 'Gas butano, tornillos, abrazaderas', 1, 73, 'Pagado', '2025-04-25', 4, '', '2025-04-25 15:54:12', '2025-04-25 15:54:12'),
(35, 'Productos de limpieza', 'Fab, cloro y fabuloso', 1, 120, 'Pagado', '2025-04-30', 4, '', '2025-04-30 22:41:12', '2025-04-30 22:41:12'),
(36, 'Dominio de página', 'Pago de dominio para la página de internet', 1, 485, 'Pagado', '2025-05-06', 1, '1746544768.jpg', '2025-05-06 15:19:29', '2025-05-06 15:19:29'),
(37, 'Licencia de uso de suelo', 'Limpieza de oficina', 1, 200, 'Pagado', '2025-05-10', 4, '', '2025-05-10 18:41:12', '2025-05-10 18:41:12'),
(38, 'Productos area taller', 'Papel higiénico', 1, 60, 'Pagado', '2025-05-10', 4, '', '2025-05-10 18:41:45', '2025-05-10 18:41:45'),
(39, 'Laminas', 'Compra de 2 laminas', 1, 602, 'Pagado', '2025-05-12', 4, '1747097975.jpg', '2025-05-13 00:59:36', '2025-05-13 00:59:36'),
(40, 'Lampara', 'Compra de 1 lampara para área de taller', 1, 239, 'Pagado', '2025-05-12', 4, '1747098119.jpg', '2025-05-13 01:01:59', '2025-05-13 01:01:59'),
(41, 'Pago de luz', 'Pago de luz', 1, 755, 'Pagado', '2025-05-12', 4, '1747098268.jpg', '2025-05-13 01:04:28', '2025-05-13 01:04:28'),
(42, 'Uber', 'Pago de uber', 1, 95, 'Pagado', '2025-05-16', 4, '', '2025-05-17 00:20:13', '2025-05-17 00:20:13'),
(44, 'Lavado de carro', 'Lavado de Mercedes Benz Negro', 1, 170, 'Pagado', '2025-05-16', 4, '', '2025-05-17 00:21:44', '2025-05-17 00:21:44'),
(45, 'Limpieza de oficina', 'Limpieza de oficina', 1, 200, 'Pagado', '2025-05-19', 4, '', '2025-05-19 18:13:59', '2025-05-19 18:13:59'),
(46, 'Lavado de carro', 'Lavado y aspirado mercedes benz', 1, 150, 'Pagado', '2025-05-20', 4, '', '2025-05-20 23:43:35', '2025-05-20 23:43:35'),
(47, 'Pago de internet', 'Pago de internet', 1, 250, 'Pagado', '2025-05-20', 4, '', '2025-05-20 23:44:04', '2025-05-20 23:44:04'),
(48, 'Herramienta', 'Pinza alicate, dado 1/4 entrada de 1/4', 1, 157, 'Pagado', '2025-05-21', 4, '', '2025-05-21 16:04:08', '2025-05-21 16:04:08'),
(49, 'Carrito para herramienta', 'Discos de corte, pintura, llantas gomas', 1, 251, 'Pagado', '2025-05-22', 4, '', '2025-05-23 00:45:20', '2025-05-23 00:45:20'),
(50, 'Tubos PVC', '4 tubos, coples, tapa,', 1, 821, 'Pagado', '2025-05-23', 4, '', '2025-05-24 03:19:30', '2025-05-24 03:19:30'),
(51, 'Recolecta de aceite', 'Recolecta de aceite', 1, 50, 'Pagado', '2025-05-28', 4, '', '2025-05-28 23:25:14', '2025-05-28 23:25:14'),
(52, 'Tubos PVC', 'Tubería de PCV para drenaje de techo', 1, 98, 'Pagado', '2025-06-12', 4, '', '2025-06-12 21:27:39', '2025-06-12 21:27:39'),
(53, 'Coladores', NULL, 1, 50, 'Pagado', '2025-06-16', 4, '', '2025-06-16 17:44:38', '2025-06-16 17:44:38'),
(55, 'Pago de internet', 'Pago de internet', 1, 250, 'Pagado', '2025-06-16', 4, '', '2025-06-16 17:45:38', '2025-06-16 17:45:38'),
(56, 'Lavado de carro', 'Lavado y aspirado L200', 1, 150, 'Pagado', '2025-06-16', 4, '', '2025-06-16 23:14:45', '2025-06-16 23:14:45'),
(57, 'Uber', 'Uber', 1, 100, 'Pagado', '2025-06-24', 4, '', '2025-06-24 16:38:37', '2025-06-24 16:38:37'),
(58, 'Desvastadores', 'Desvastadores', 1, 65, 'Pagado', '2025-06-24', 4, '', '2025-06-25 00:52:54', '2025-06-25 00:52:54'),
(59, 'Alineación', 'Alineación Sorento', 1, 100, 'Pagado', '2025-06-24', 4, '', '2025-06-25 00:53:50', '2025-06-25 00:53:50'),
(60, 'Pago de luz', 'Pago de luz', 1, 982, 'Pagado', '2025-06-25', 4, '1750897422.jpg', '2025-06-26 00:23:42', '2025-06-26 00:23:42'),
(61, 'uber', 'Uber', 1, 100, 'Pagado', '2025-06-30', 4, '', '2025-07-01 00:51:16', '2025-07-01 00:51:16'),
(62, 'Limpieza de oficina', 'Limpieza de oficina', 1, 200, 'Pagado', '2025-07-01', 4, '', '2025-07-01 16:10:59', '2025-07-01 16:10:59'),
(63, 'Bolsa de trapos', 'Bolsa de trapos', 1, 450, 'Pagado', '2025-07-03', 4, '', '2025-07-04 01:00:08', '2025-07-04 01:00:08'),
(64, 'Material para piso', 'Polvo, grava y cemento', 1, 2525, 'Pagado', '2025-07-12', 4, '', '2025-07-12 12:14:07', '2025-07-12 12:14:07'),
(65, 'Propina', 'Propina maniobra de material', 1, 50, 'Pagado', '2025-07-12', 4, '', '2025-07-12 12:14:44', '2025-07-12 12:14:44'),
(66, 'Gasolina', 'Gasolina para mercedes gris', 1, 400, 'Pagado', '2025-07-12', 4, '', '2025-07-12 12:15:16', '2025-07-12 12:15:16'),
(67, 'Herramienta', 'Herramienta para taller (Carda)', 1, 57, 'Pagado', '2025-07-12', 4, '', '2025-07-12 12:15:53', '2025-07-12 12:15:53'),
(68, 'Piso', 'Pago de mano de obra (Maistrin)', 1, 100, 'Pagado', '2025-07-17', 4, '', '2025-07-17 22:30:48', '2025-07-17 22:30:48'),
(69, 'Internet', 'Pago de internet', 1, 250, 'Pagado', '2025-07-18', 4, '', '2025-07-19 00:34:04', '2025-07-19 00:34:04'),
(70, 'Material para piso', 'Polvo, grava y cemento', 1, 1600, 'Pagado', '2025-07-25', 4, '', '2025-07-25 22:22:23', '2025-07-25 22:22:23'),
(71, 'Propina', 'Propina', 1, 50, 'Pagado', '2025-07-25', 4, '', '2025-07-25 22:22:44', '2025-07-25 22:22:44'),
(72, 'Lavado de carro', 'Lavado y aspirado L200', 1, 160, 'Pagado', '2025-07-31', 4, '', '2025-07-31 15:55:03', '2025-07-31 15:55:03'),
(73, 'Herramienta', 'Pistola inalambrica', 1, 850, 'Pagado', '2025-08-11', 4, '', '2025-08-11 23:48:21', '2025-08-11 23:48:21'),
(75, 'Material para piso', '2 bultos de cemento', 1, 470, 'Pagado', '2025-08-11', 4, '', '2025-08-11 23:49:44', '2025-08-11 23:49:44'),
(76, 'Bolsas para basura', 'Bolsas para basura', 1, 70, 'Pagado', '2025-08-13', 4, '', '2025-08-13 15:35:43', '2025-08-13 15:35:43'),
(77, 'Cortineros', 'Cortineros', 1, 100, 'Pagado', '2025-08-13', 4, '', '2025-08-13 15:36:26', '2025-08-13 15:36:26'),
(78, 'Lavado de carro', 'Lavado y aspirado Mercedes Benz E500', 1, 200, 'Pagado', '2025-08-20', 4, '', '2025-08-20 17:10:27', '2025-08-20 17:10:27'),
(79, 'Limpieza de oficina', 'Limpieza de oficina', 1, 200, 'Pagado', '2025-08-20', 4, '', '2025-08-20 17:10:51', '2025-08-20 17:10:51'),
(80, 'Productos de limpieza', 'Papel higiénico, cloro, ácido muriático.', 1, 150, 'Pagado', '2025-08-20', 4, '', '2025-08-20 17:11:41', '2025-08-20 17:11:41'),
(81, 'Lavado de carro', 'Lavado y aspirado nissan tiida 2012', 1, 150, 'Pagado', '2025-08-21', 4, '', '2025-08-21 19:12:41', '2025-08-21 19:12:41'),
(82, 'Gasolina', 'Gasolina para Toyota Avanza 2008', 1, 100, 'Pagado', '2025-08-23', 4, '', '2025-08-23 18:22:24', '2025-08-23 18:22:24'),
(83, 'Pago de internet', 'Cambio de internet', 1, 100, 'Pagado', '2025-08-25', 4, '', '2025-08-25 19:55:57', '2025-08-25 19:55:57'),
(84, 'Material para piso', '1 mt. polvo, 1 mt. grava, 4 cementos', 1, 2300, 'Pagado', '2025-08-28', 4, '', '2025-08-28 22:53:53', '2025-08-28 22:53:53'),
(85, 'Tarja', 'Tarja', 1, 300, 'Pagado', '2025-08-28', 4, '', '2025-08-28 22:54:54', '2025-08-28 22:54:54'),
(86, 'Herramienta para el taller', 'Multimetro alto rango temperatura', 1, 361, 'Pagado', '2025-08-28', 4, '', '2025-08-28 22:57:40', '2025-08-28 22:57:40'),
(87, 'Propina', 'Propina material de piso', 1, 20, 'Pagado', '2025-08-28', 4, '', '2025-08-28 22:59:34', '2025-08-28 22:59:34'),
(88, 'Pago por ayuda', 'Ayuda de Joel', 1, 100, 'Pagado', '2025-08-29', 1, '', '2025-08-30 01:22:41', '2025-08-30 01:22:41'),
(90, 'avanza', 'Tapa de radiador avanza', 1, 380, 'Pagado', '2025-09-08', 4, '', '2025-09-09 01:47:05', '2025-09-09 01:47:05'),
(91, 'Lavado de carro', 'Lavado y aspirado BMW X3', 1, 160, 'Pagado', '2025-09-18', 4, '', '2025-09-19 01:23:39', '2025-09-19 01:23:39'),
(92, 'Rectificación de disco', 'Rectificación de disco GLK 300', 1, 120, 'Pagado', '2025-09-18', 4, '', '2025-09-19 01:24:11', '2025-09-19 01:24:11'),
(93, 'Pago de luz', 'Pago de luz', 1, 614, 'Pagado', '2025-09-26', 4, '', '2025-09-26 18:32:23', '2025-09-26 18:32:23'),
(94, 'Instalación de internet', 'Instalación de internet', 1, 329, 'Pagado', '2025-09-29', 4, '', '2025-09-30 00:00:54', '2025-09-30 00:00:54'),
(95, 'Gasolina', 'Gasolina', 1, 200, 'Pagado', '2025-10-01', 4, '1759332098.jpg', '2025-10-01 15:21:39', '2025-10-01 15:22:08'),
(96, 'Herramienta para el taller', 'Esmeril de banco', 1, 850, 'Pagado', '2025-10-06', 4, '', '2025-10-06 16:23:57', '2025-10-06 16:23:57'),
(97, 'Material de construcción', '4 Armex', 1, 587, 'Pagado', '2025-10-11', 4, '1760206457.jpg', '2025-10-11 18:14:18', '2025-10-11 18:14:18'),
(98, 'Herramienta para el taller', 'Carda de alambre', 1, 163, 'Pagado', '2025-10-11', 4, '1760206531.jpg', '2025-10-11 18:15:31', '2025-10-11 18:15:31'),
(99, 'Pieza', 'Espiral de beat', 1, 490, 'Pagado', '2025-10-11', 4, '1760206597.jpg', '2025-10-11 18:16:37', '2025-10-11 18:16:37'),
(100, 'Herramienta para el taller', 'Checador de fugas de anticongelante', 1, 891, 'Pagado', '2025-10-21', 4, '1761060694.jpg', '2025-10-21 15:31:35', '2025-10-21 15:31:35'),
(101, 'Productos de limpieza', 'Papel higiénico, cloro, ácido', 1, 97, 'Pagado', '2025-10-23', 4, '1761232551.jpg', '2025-10-23 15:15:52', '2025-10-23 15:15:52'),
(102, 'Material para piso', '1 bulto de cemnto, 3 bultos de polvo', 1, 405, 'Pagado', '2025-10-24', 4, '1761350131.jpg', '2025-10-24 23:55:32', '2025-10-24 23:55:32'),
(103, 'Herramienta para el taller', 'Mini cámara endoscópica', 1, 166, 'Pagado', '2025-10-25', 4, '1761408818.jpg', '2025-10-25 16:13:39', '2025-10-25 16:13:39'),
(104, 'Cerradura de puerta', 'Cerradura de puerta', 1, 120, 'Pagado', '2025-10-27', 4, '1761580927.jpg', '2025-10-27 16:02:08', '2025-10-27 16:02:08'),
(105, 'Herramienta para el taller', 'Taladro', 1, 615, 'Pagado', '2025-10-29', 4, '1761794743.jpg', '2025-10-30 03:25:44', '2025-10-30 03:25:44'),
(106, 'Pago de luz', 'Pago de luz.', 1, 720, 'Pagado', '2025-11-03', 4, '1762219894.jpg', '2025-11-04 01:31:35', '2025-11-04 01:31:35'),
(107, 'Internet', 'Pago de internet.', 1, 329, 'Pagado', '2025-11-03', 4, '', '2025-11-04 01:32:07', '2025-11-04 01:32:07'),
(108, 'Herramienta para el taller', 'Piedra para esmeril', 1, 192, 'Pagado', '2025-11-05', 4, '', '2025-11-05 16:46:22', '2025-11-05 16:46:22'),
(109, 'Herramienta para el taller', 'Embudo con colador', 1, 70, 'Pagado', '2025-11-05', 4, '', '2025-11-05 16:46:42', '2025-11-05 16:46:42'),
(110, 'Material de construcción', '2 Armex', 1, 293, 'Pagado', '2025-11-06', 4, '1762456048.jpg', '2025-11-06 19:07:29', '2025-11-06 19:07:29'),
(111, 'Herramienta para el taller', '2 Torres', 1, 557, 'Pagado', '2025-11-06', 4, '1762456264.jpg', '2025-11-06 19:11:04', '2025-11-06 19:11:04'),
(112, 'Renta de demoledor', 'Renta de demoledora', 1, 500, 'Pagado', '2025-11-08', 4, '', '2025-11-08 19:25:36', '2025-11-08 19:25:36'),
(113, 'Sueldo de Joel', 'Pago de Joel', 1, 500, 'Pagado', '2025-11-08', 4, '', '2025-11-08 19:26:28', '2025-11-08 19:26:28'),
(114, 'Material eléctrico', '6 metros de cables, 2 mordaza para medidor', 1, 551, 'Pagado', '2025-11-10', 4, '1762816539.jpg', '2025-11-10 23:15:40', '2025-11-10 23:15:40'),
(115, 'Lavado de carro', 'Lavado y aspirado Journey', 1, 160, 'Pagado', '2025-11-14', 4, '', '2025-11-14 19:48:53', '2025-11-14 19:48:53'),
(118, 'Cámaras de vigilancia', 'Cámaras de vigilancia', 1, 1538, 'Pagado', '2025-11-20', 4, '1763687580.jpg', '2025-11-21 01:13:00', '2025-11-21 01:13:00'),
(119, 'Material para taller', 'Cinchos', 1, 93, 'Pagado', '2025-11-20', 4, '1763687621.jpg', '2025-11-21 01:13:41', '2025-11-21 01:13:41'),
(120, 'Herramienta para el taller', 'Cepillo de alambre.\r\nCinta negra', 1, 170, 'Pagado', '2025-11-24', 4, '1763997126.jpg', '2025-11-24 15:12:07', '2025-11-24 15:12:07'),
(121, 'Productos de limpieza', 'Bolsas para basura, Detergente liquido', 1, 90, 'Pagado', '2025-11-27', 4, '', '2025-11-28 00:42:41', '2025-11-28 00:42:41'),
(122, 'Herramienta para el taller', 'Carda de alambre conica', 1, 30, 'Pagado', '2025-11-27', 4, '', '2025-11-28 00:43:08', '2025-11-28 00:43:08'),
(123, 'Lavado de carro', 'Lavado y aspirado Journey', 1, 160, 'Pagado', '2025-11-28', 4, '', '2025-11-29 00:18:05', '2025-11-29 00:18:05'),
(124, 'Construcción', 'Tubo cuadrado 5/8', 1, 139, 'Pagado', '2025-12-04', 4, '', '2025-12-04 22:58:31', '2025-12-04 22:58:31'),
(125, 'Internet', 'Pago de Internet', 1, 889, 'Pagado', '2025-12-05', 4, '1764966851.jpg', '2025-12-05 20:34:12', '2025-12-05 20:34:12'),
(126, 'Seguro Social diciembre', 'Pago de seguro social Alex diciembre', 1, 400, 'Pagado', '2025-12-09', 4, '1765316602.jpg', '2025-12-09 21:43:23', '2025-12-09 21:43:23'),
(127, 'Seguro Social diciembre 2', 'Seguro social alex, el anterior fue estafa', 1, 500, 'Pagado', '2025-12-09', 4, '1765316681.jpg', '2025-12-09 21:44:41', '2025-12-09 21:44:41'),
(128, 'Chayita', 'Cambio de bujes de horquilla', 1, 200, 'Pagado', '2025-12-11', 4, '', '2025-12-11 20:46:12', '2025-12-11 20:46:12'),
(129, 'Bolsa de trapos', 'Bolsa de trapos', 1, 65, 'Pagado', '2025-12-11', 4, '', '2025-12-11 20:46:34', '2025-12-11 20:46:34'),
(130, 'Bote de comida', 'Bote de comida de Luna', 1, 170, 'Pagado', '2025-12-19', 4, '', '2025-12-19 19:11:52', '2025-12-19 19:11:52'),
(131, 'Repuesto de herramienta', 'Repuestos de dos manerales de 1/2', 1, 437, 'Pagado', '2025-12-19', 4, '', '2025-12-19 19:12:52', '2025-12-19 19:12:52'),
(132, 'Herramienta', 'Llantas para gato hidráulico', 1, 379, 'Pagado', '2025-12-19', 4, '', '2025-12-19 19:13:36', '2025-12-19 19:13:36'),
(133, 'Clima', 'Gas R22, forro de manguera de clima, cinta momia', 1, 500, 'Pagado', '2025-12-19', 4, '', '2025-12-19 19:15:31', '2025-12-19 19:15:31'),
(134, 'Posada', 'Carne, renta de mesa, cerveza', 1, 2010, 'Pagado', '2025-12-19', 4, '', '2025-12-19 19:16:45', '2025-12-19 19:16:45'),
(135, 'Posada Navideña', 'Hielos, carbón, refrescos, platos, vasos', 1, 350, 'Pagado', '2025-12-19', 4, '', '2025-12-20 01:28:42', '2025-12-20 01:28:42'),
(136, 'Canasta Navideña', 'Canasta Navideña', 1, 400, 'Pagado', '2025-12-19', 4, '', '2025-12-20 01:29:25', '2025-12-20 01:29:25'),
(137, 'Pago de internet', 'Pago de internet', 1, 329, 'Pagado', '2026-01-05', 4, '', '2026-01-06 00:16:07', '2026-01-06 00:16:07'),
(138, 'Pago de luz', 'Pago de luz', 1, 505, 'Pagado', '2026-01-05', 4, '1767658608.jpg', '2026-01-06 00:16:49', '2026-01-06 00:16:49'),
(139, 'Reparación', 'Reparación de ventana de la chona', 1, 300, 'Pagado', '2026-01-05', 4, '', '2026-01-06 00:17:28', '2026-01-06 00:17:28'),
(140, 'Seguro Social Enero', NULL, 1, 500, 'Pagado', '2026-01-08', 4, '', '2026-01-08 21:11:33', '2026-01-08 21:11:33'),
(141, 'Productos de limpieza', 'Productos de limpieza', 1, 128, 'Pagado', '2026-01-09', 4, '', '2026-01-10 00:08:46', '2026-01-10 00:08:46');

SET IDENTITY_INSERT expenses OFF;

TRUNCATE TABLE failed_jobs;

TRUNCATE TABLE investments;
SET IDENTITY_INSERT investments ON ;
INSERT INTO investments (id, name, last_amount, current_amount, active, updated_at, created_at) VALUES
(1, 'Yo te presto', 28666.05, 28680.8, 1, '2026-01-12 20:20:22', '2025-11-25 02:33:59'),
(2, 'Doopla', 16719.58, 16726.28, 1, '2026-01-12 16:21:55', '2025-11-25 02:33:59'),
(3, 'GBM Trading', 7256.09, 7318.01, 1, '2026-01-12 16:33:05', '2025-11-25 02:34:28'),
(4, 'Bitso', 0, 0, 0, '2025-12-02 19:23:55', '2025-12-02 19:23:55'),
(5, 'Nu Bank', 0, 0, 0, '2025-12-02 19:24:34', '2025-12-02 19:24:34'),
(6, 'Stori Plus', 0, 0, 0, '2025-12-02 19:24:51', '2025-12-02 19:24:51');

SET IDENTITY_INSERT investments OFF;

TRUNCATE TABLE investments_data;
SET IDENTITY_INSERT investments_data ON ;
INSERT INTO investments_data (id, investment_id, amount, date, updated_at, created_at) VALUES
(1, 1, 28493.82, '2025-11-24', '2025-12-01 22:11:16', '2025-12-01 22:11:16'),
(2, 2, 16384.42, '2025-11-24', '2025-12-01 22:11:16', '2025-12-01 22:11:16'),
(3, 3, 6759.47, '2025-11-24', '2025-12-01 22:11:16', '2025-12-01 22:11:16'),
(4, 1, 28527.3, '2025-11-25', '2025-12-01 22:11:16', '2025-12-01 22:11:16'),
(5, 2, 16387.59, '2025-11-25', '2025-12-01 22:11:16', '2025-12-01 22:11:16'),
(6, 3, 6772.27, '2025-11-25', '2025-12-01 22:11:16', '2025-12-01 22:11:16'),
(7, 1, 28550.52, '2025-11-26', '2025-12-01 22:11:16', '2025-12-01 22:11:16'),
(8, 1, 28562.2, '2025-11-27', '2025-12-01 22:11:16', '2025-12-01 22:11:16'),
(9, 2, 16418.26, '2025-11-27', '2025-12-01 22:11:16', '2025-12-01 22:11:16'),
(10, 3, 6748.68, '2025-11-27', '2025-12-01 22:11:16', '2025-12-01 22:11:16'),
(11, 3, 6763.42, '2025-11-28', '2025-12-01 22:11:16', '2025-12-01 22:11:16'),
(12, 1, 28574.9, '2025-11-28', '2025-12-01 22:11:16', '2025-12-01 22:11:16'),
(13, 2, 16433.24, '2025-11-28', '2025-12-01 22:11:16', '2025-12-01 22:11:16'),
(14, 3, 6832.16, '2025-11-29', '2025-12-01 22:11:16', '2025-12-01 22:11:16'),
(15, 3, 6808, '2025-12-01', '2025-12-01 22:11:16', '2025-12-01 22:11:16'),
(16, 1, 28579.19, '2025-12-01', '2025-12-01 22:11:16', '2025-12-01 22:11:16'),
(17, 2, 16460.33, '2025-12-01', '2025-12-01 22:11:16', '2025-12-01 22:11:16'),
(18, 3, 6778.85, '2025-12-02', '2025-12-02 19:18:25', '2025-12-02 19:18:25'),
(19, 1, 28625.33, '2025-12-02', '2025-12-02 19:18:28', '2025-12-02 19:18:28'),
(20, 2, 16468.25, '2025-12-02', '2025-12-02 19:18:31', '2025-12-02 19:18:31'),
(21, 1, 28639.89, '2025-12-03', '2025-12-09 17:35:00', '2025-12-09 17:35:00'),
(22, 3, 6802.19, '2025-12-03', '2025-12-09 17:35:00', '2025-12-09 17:35:00'),
(23, 1, 28544.97, '2025-12-05', '2025-12-09 17:35:00', '2025-12-09 17:35:00'),
(24, 3, 6768.25, '2025-12-05', '2025-12-09 17:35:00', '2025-12-09 17:35:00'),
(25, 3, 6855.99, '2025-12-06', '2025-12-09 17:35:00', '2025-12-09 17:35:00'),
(26, 1, 28558.38, '2025-12-06', '2025-12-09 17:35:00', '2025-12-09 17:35:00'),
(27, 1, 28563.48, '2025-12-08', '2025-12-09 17:35:00', '2025-12-09 17:35:00'),
(28, 3, 6871.37, '2025-12-08', '2025-12-09 17:35:00', '2025-12-09 17:35:00'),
(29, 2, 16472.73, '2025-12-09', '2025-12-09 17:35:00', '2025-12-09 17:35:00'),
(30, 3, 6909.58, '2025-12-09', '2025-12-09 17:35:00', '2025-12-09 17:35:00'),
(31, 1, 28609.33, '2025-12-09', '2025-12-09 17:35:00', '2025-12-09 17:35:00'),
(32, 1, 28627.5, '2025-12-10', '2025-12-13 17:13:31', '2025-12-13 17:13:31'),
(33, 2, 16479.95, '2025-12-10', '2025-12-13 17:13:31', '2025-12-13 17:13:31'),
(34, 2, 16511.11, '2025-12-12', '2025-12-13 17:13:31', '2025-12-13 17:13:31'),
(35, 1, 28648.69, '2025-12-12', '2025-12-13 17:13:31', '2025-12-13 17:13:31'),
(36, 3, 6987.28, '2025-12-12', '2025-12-13 17:13:31', '2025-12-13 17:13:31'),
(37, 2, 16549.04, '2025-12-15', '2025-12-16 18:42:25', '2025-12-16 18:42:25'),
(38, 1, 28661.55, '2025-12-15', '2025-12-16 18:42:25', '2025-12-16 18:42:25'),
(39, 3, 6947.78, '2025-12-15', '2025-12-16 18:42:25', '2025-12-16 18:42:25'),
(40, 1, 28691.85, '2025-12-16', '2025-12-16 18:42:25', '2025-12-16 18:42:25'),
(41, 2, 16584.85, '2025-12-16', '2025-12-16 18:42:25', '2025-12-16 18:42:25'),
(42, 1, 28730.69, '2025-12-17', '2025-12-17 18:06:40', '2025-12-17 18:06:40'),
(43, 2, 16589.67, '2025-12-18', '2025-12-18 18:35:28', '2025-12-18 18:35:28'),
(44, 1, 28745.81, '2025-12-18', '2025-12-18 18:36:35', '2025-12-18 18:36:35'),
(45, 3, 6913.17, '2025-12-18', '2025-12-18 19:41:05', '2025-12-18 19:41:05'),
(46, 2, 16592.96, '2025-12-19', '2025-12-19 16:03:27', '2025-12-19 16:03:27'),
(47, 1, 28752.78, '2025-12-19', '2025-12-19 16:03:36', '2025-12-19 16:03:36'),
(48, 3, 6972, '2025-12-19', '2025-12-20 01:11:37', '2025-12-20 01:11:37'),
(49, 2, 16600.2, '2025-12-22', '2025-12-22 17:28:51', '2025-12-22 17:28:51'),
(50, 3, 7029.27, '2025-12-22', '2025-12-22 19:11:52', '2025-12-22 19:11:52'),
(51, 1, 28674.04, '2025-12-22', '2025-12-22 19:14:12', '2025-12-22 19:14:12'),
(52, 2, 16603.82, '2025-12-23', '2025-12-23 16:11:33', '2025-12-23 16:11:33'),
(53, 1, 28697.22, '2025-12-23', '2025-12-23 16:11:52', '2025-12-23 16:11:52'),
(54, 2, 16607.69, '2025-12-25', '2025-12-25 17:22:54', '2025-12-25 17:22:54'),
(55, 1, 28719.92, '2025-12-25', '2025-12-25 17:23:22', '2025-12-25 17:23:22'),
(56, 1, 28724.49, '2025-12-26', '2025-12-26 19:47:16', '2025-12-26 19:47:16'),
(57, 2, 16616.78, '2025-12-26', '2025-12-26 19:48:19', '2025-12-26 19:48:19'),
(58, 3, 7111.54, '2025-12-26', '2025-12-26 19:53:22', '2025-12-26 19:53:22'),
(59, 1, 28751.12, '2025-12-29', '2025-12-29 17:12:30', '2025-12-29 17:12:30'),
(60, 2, 16639.98, '2025-12-29', '2025-12-29 17:13:45', '2025-12-29 17:13:45'),
(61, 3, 7149.38, '2025-12-29', '2025-12-29 17:14:38', '2025-12-29 17:14:38'),
(62, 1, 28785.59, '2025-12-30', '2025-12-30 18:50:26', '2025-12-30 18:50:26'),
(63, 2, 16692.88, '2025-12-30', '2025-12-30 18:52:50', '2025-12-30 18:52:50'),
(64, 2, 16710.03, '2026-01-02', '2026-01-02 15:42:33', '2026-01-02 15:42:33'),
(65, 3, 7133.73, '2026-01-02', '2026-01-02 22:05:22', '2026-01-02 22:05:22'),
(66, 1, 28701.88, '2026-01-02', '2026-01-03 00:11:13', '2026-01-03 00:11:13'),
(67, 1, 28716.45, '2026-01-05', '2026-01-05 16:52:40', '2026-01-05 16:52:40'),
(68, 2, 16711.25, '2026-01-05', '2026-01-05 16:53:38', '2026-01-05 16:53:38'),
(69, 3, 7132.74, '2026-01-05', '2026-01-05 23:28:55', '2026-01-05 23:28:55'),
(70, 1, 28730.79, '2026-01-06', '2026-01-06 19:03:06', '2026-01-06 19:03:06'),
(71, 2, 16714.07, '2026-01-06', '2026-01-06 19:04:04', '2026-01-06 19:04:04'),
(72, 1, 28743.84, '2026-01-07', '2026-01-08 00:31:55', '2026-01-08 00:31:55'),
(73, 2, 16719.58, '2026-01-07', '2026-01-08 00:37:37', '2026-01-08 00:37:37'),
(74, 3, 7161.69, '2026-01-07', '2026-01-08 00:43:01', '2026-01-08 00:43:01'),
(75, 1, 28754.93, '2026-01-08', '2026-01-08 20:42:30', '2026-01-08 20:42:30'),
(76, 3, 7184.98, '2026-01-08', '2026-01-08 20:48:26', '2026-01-08 20:48:26'),
(77, 3, 7256.09, '2026-01-09', '2026-01-09 19:35:20', '2026-01-09 19:35:20'),
(78, 1, 28666.05, '2026-01-09', '2026-01-09 19:35:30', '2026-01-09 19:35:30'),
(79, 2, 16726.28, '2026-01-12', '2026-01-12 16:21:55', '2026-01-12 16:21:55'),
(80, 3, 7318.01, '2026-01-12', '2026-01-12 16:33:05', '2026-01-12 16:33:05'),
(81, 1, 28680.8, '2026-01-12', '2026-01-12 20:20:22', '2026-01-12 20:20:22');

SET IDENTITY_INSERT investments_data OFF;

TRUNCATE TABLE migrations;
SET IDENTITY_INSERT migrations ON ;
INSERT INTO migrations (id, migration, batch) VALUES
(550, '2014_10_12_000000_create_users_table', 1),
(551, '2014_10_12_100000_create_password_reset_tokens_table', 1),
(552, '2019_08_19_000000_create_failed_jobs_table', 1),
(553, '2019_12_14_000001_create_personal_access_tokens_table', 1),
(554, '2024_02_07_232401_create_clients', 1),
(555, '2024_02_08_002513_create_autos', 1),
(556, '2024_02_14_210419_create_postalcodes', 1),
(557, '2024_02_14_234752_create_brands', 1),
(558, '2024_02_14_234846_create_models', 1),
(559, '2024_02_16_181819_create_services_items', 1),
(560, '2024_02_16_215709_create_services', 1),
(561, '2024_02_20_103912_create_expenses', 1),
(562, '2024_02_23_130424_create_calendar', 1),
(563, '2024_03_27_185756_create_employees', 1),
(564, '2024_04_15_120025_create_salaries', 1),
(565, '2025_02_26_130943_create_salaries_details', 1);

SET IDENTITY_INSERT migrations OFF;

TRUNCATE TABLE models;
SET IDENTITY_INSERT models ON ;
INSERT INTO models (id, brand, model) VALUES
(1, 'Nissan', 'Versa'),
(2, 'Mitsubishi', 'L200'),
(3, 'Ford', 'Ranger'),
(4, 'Chevrolet', 'Beat'),
(5, 'Toyota', 'Camry'),
(6, 'Mercedes Benz', 'GLK 280'),
(7, 'Mercedes Benz', 'GLK 300'),
(8, 'Mazda', 'CX-7'),
(9, 'Mercedes Benz', 'C 180'),
(10, 'Lincoln', 'MKC'),
(11, 'Suzuki', 'Swift'),
(12, 'Mercedes Benz', 'CLA 250'),
(13, 'BMW', '320i'),
(14, 'Honda', 'CR-V'),
(15, 'Chevrolet', 'Colorado'),
(16, 'Chevrolet', 'Spark'),
(17, 'Seat', 'Toledo'),
(18, 'Honda', 'Fit'),
(19, 'Nissan', 'March'),
(20, 'Nissan', 'NP 300'),
(21, 'Mercedes Benz', 'GLC 300'),
(22, 'Audi', 'A4'),
(23, 'Chevrolet', 'Aveo'),
(24, 'Mercedes Benz', 'C 230 KOMPRESSOR'),
(25, 'Mercedes Benz', 'C 200'),
(26, 'BMW', 'Mini Cooper S'),
(27, 'BMW', 'Mini Cooper'),
(28, 'Audi', 'A6'),
(29, 'BMW', '420i'),
(30, 'Kia', 'Sorento'),
(31, 'Mazda', 'Mazda 3'),
(32, 'BMW', 'X3'),
(33, 'Chevrolet', 'Chevy'),
(34, 'GMC', 'Acadia'),
(35, 'Toyota', 'Avanza'),
(36, 'Ford', 'Fiesta Ikon'),
(37, 'Mercedes Benz', 'C 280'),
(38, 'Ford', 'EcoSport'),
(39, 'Toyota', 'Sienna'),
(40, 'Seat', 'Ibiza'),
(41, 'Dodge', 'Grand Caravan'),
(42, 'XXXX', 'XXXX'),
(43, 'Jeep', 'Compass'),
(44, 'Audi', 'Q7'),
(45, 'Chevrolet', 'Traverse'),
(46, 'Toyota', 'RAV-4'),
(47, 'BMW', '325i'),
(48, 'Nissan', 'Altima'),
(49, 'Dodge', 'Dakota'),
(50, 'Suzuki', 'Ignis'),
(51, 'Dodge', 'Journey'),
(52, 'Nissan', 'Sentra'),
(53, 'Volkswagen', 'Jetta'),
(54, 'Volkswagen', 'Up!');

SET IDENTITY_INSERT models OFF;

TRUNCATE TABLE montly_balances;
SET IDENTITY_INSERT montly_balances ON ;
INSERT INTO montly_balances (id, income, expenses, balance, close_date, comments, created_at) VALUES
(1, 16669, 0, 16669, '2025-03-01 05:56:03', 'Cierre del mes de febrero', '2025-03-01 02:33:58'),
(2, 26700, 42133, 1236, '2025-04-01 05:31:16', 'Cierre del mes de marzo', '2025-04-01 04:23:41'),
(3, 24000, 25236, 0, '2025-05-01 05:20:38', 'Comentarios del cierre de mes', '2025-05-01 01:20:38'),
(4, 21200, 19735, 1465, '2025-05-31 17:43:22', 'Comentarios del cierre de mes', '2025-06-01 03:29:45'),
(5, 20635, 18095, 4005, '2025-07-01 03:23:03', 'Comentarios del cierre de mes', '2025-07-01 03:23:03'),
(6, 26700, 22042, 8663, '2025-08-01 02:54:05', 'Comentarios del cierre de mes', '2025-08-01 02:54:05'),
(7, 23000, 25221, 6442, '2025-08-30 01:29:48', 'Comentarios del cierre de mes', '2025-08-30 01:29:48'),
(8, 21750, 19605, 8587, '2025-09-30 01:16:10', 'Comentarios del cierre de mes', '2025-09-30 01:16:10'),
(9, 24000, 25334, 7253, '2025-11-01 09:45:36', 'Comentarios del cierre de mes', '2025-11-01 09:45:36'),
(10, 20500, 20153, 7600, '2025-11-29 21:06:21', 'Comentarios del cierre de mes', '2025-11-29 21:06:21'),
(11, 33857, 26639, 14818, '2025-12-31 18:03:36', 'Comentarios del cierre de mes', '2025-12-31 18:03:36');

SET IDENTITY_INSERT montly_balances OFF;

CREATE TABLE password_reset_tokens (
  email varchar(255) NOT NULL,
  token varchar(255) NOT NULL,
  created_at timestamp NULL DEFAULT NULL
) ;

TRUNCATE TABLE password_reset_tokens;

TRUNCATE TABLE personal_access_tokens;

TRUNCATE TABLE postalcodes;
SET IDENTITY_INSERT postalcodes ON ;
INSERT INTO postalcodes (id, postalcode, address, city, state) VALUES
(1, '97000', 'Mérida Centro', 'Mérida', 'Yucatán'),
(2, '97000', 'Itzaes', 'Mérida', 'Yucatán'),
(3, '97000', 'Madrid', 'Mérida', 'Yucatán'),
(4, '97000', 'Villa Fontana', 'Mérida', 'Yucatán'),
(5, '97000', 'La Quinta', 'Mérida', 'Yucatán'),
(6, '97000', 'Los Cocos', 'Mérida', 'Yucatán'),
(7, '97000', 'Privada Del Maestro', 'Mérida', 'Yucatán'),
(8, '97000', 'Jardines de San Sebastian', 'Mérida', 'Yucatán'),
(9, '97003', 'Los Reyes', 'Mérida', 'Yucatán'),
(10, '97050', 'Alcalá Martín', 'Mérida', 'Yucatán'),
(11, '97050', 'Yucatán', 'Mérida', 'Yucatán'),
(12, '97059', 'Señorial', 'Mérida', 'Yucatán'),
(13, '97060', 'Carrillo Ancona', 'Mérida', 'Yucatán'),
(14, '97069', 'Inalámbrica', 'Mérida', 'Yucatán'),
(15, '97070', 'Dolores Patron', 'Mérida', 'Yucatán'),
(16, '97070', 'Garcia Gineres', 'Mérida', 'Yucatán'),
(17, '97070', 'El Pedregal', 'Mérida', 'Yucatán'),
(18, '97080', 'La Huerta', 'Mérida', 'Yucatán'),
(19, '97088', 'Santa Cecilia', 'Mérida', 'Yucatán'),
(20, '97089', 'Cupules', 'Mérida', 'Yucatán'),
(21, '97098', 'Lourdes', 'Mérida', 'Yucatán'),
(22, '97099', 'Waspa', 'Mérida', 'Yucatán'),
(23, '97100', 'Itzimna', 'Mérida', 'Yucatán'),
(24, '97100', 'Itzimna', 'Mérida', 'Yucatán'),
(25, '97100', 'Itzimna 2', 'Mérida', 'Yucatán'),
(26, '97100', 'Rinconada Itzmina', 'Mérida', 'Yucatán'),
(27, '97107', 'Manola', 'Mérida', 'Yucatán'),
(28, '97108', 'Las Arboledas', 'Mérida', 'Yucatán'),
(29, '97109', 'Ferrocarrileros', 'Mérida', 'Yucatán'),
(30, '97109', 'Jesús Carranza', 'Mérida', 'Yucatán'),
(31, '97110', 'Revolución (Cordemex)', 'Mérida', 'Yucatán'),
(32, '97113', 'Montebello', 'Mérida', 'Yucatán'),
(33, '97113', 'San Antonio', 'Mérida', 'Yucatán'),
(34, '97113', 'Xaman-Tan', 'Mérida', 'Yucatán'),
(35, '97114', 'Monte Alban', 'Mérida', 'Yucatán'),
(36, '97114', 'Residencial Sol Campestre', 'Mérida', 'Yucatán'),
(37, '97115', 'Sodzil Norte', 'Mérida', 'Yucatán'),
(38, '97115', 'Montes de Ame', 'Mérida', 'Yucatán'),
(39, '97115', 'Gonzalo Guerrero', 'Mérida', 'Yucatán'),
(40, '97115', 'Residencial Montejo Norte', 'Mérida', 'Yucatán'),
(41, '97115', 'Ampliación Revolución', 'Mérida', 'Yucatán'),
(42, '97115', 'Residencial San Angelo', 'Mérida', 'Yucatán'),
(43, '97116', 'San Antonio Cucul', 'Mérida', 'Yucatán'),
(44, '97116', 'Privada San Antonio Cucul', 'Mérida', 'Yucatán'),
(45, '97117', 'San Ramon Norte', 'Mérida', 'Yucatán'),
(46, '97117', 'San Ramon Sur', 'Mérida', 'Yucatán'),
(47, '97117', 'San Ramon Norte I', 'Mérida', 'Yucatán'),
(48, '97117', 'Villareal', 'Mérida', 'Yucatán'),
(49, '97117', 'Xaman-Kab', 'Mérida', 'Yucatán'),
(50, '97118', 'Plan de Ayala', 'Mérida', 'Yucatán'),
(51, '97118', 'Villas Del Sol', 'Mérida', 'Yucatán'),
(52, '97118', 'Ampliación Plan de Ayala (Villas del Sol)', 'Mérida', 'Yucatán'),
(53, '97119', 'Benito Juárez Nte', 'Mérida', 'Yucatán'),
(54, '97119', 'Villas La Hacienda', 'Mérida', 'Yucatán'),
(55, '97119', 'Gonzalo Guerrero', 'Mérida', 'Yucatán'),
(56, '97119', 'Villas del Rey', 'Mérida', 'Yucatán'),
(57, '97120', 'Campestre', 'Mérida', 'Yucatán'),
(58, '97120', 'Del Norte', 'Mérida', 'Yucatán'),
(59, '97120', 'Tecnológico', 'Mérida', 'Yucatán'),
(60, '97120', 'Ampliación del Norte (1a. Ampliación)', 'Mérida', 'Yucatán'),
(61, '97125', 'México', 'Mérida', 'Yucatán'),
(62, '97125', 'Privada Nuevo México', 'Mérida', 'Yucatán'),
(63, '97127', 'Buenavista', 'Mérida', 'Yucatán'),
(64, '97127', 'Montejo', 'Mérida', 'Yucatán'),
(65, '97128', 'México Norte', 'Mérida', 'Yucatán'),
(66, '97128', 'Privada Mediterráneo', 'Mérida', 'Yucatán'),
(67, '97128', 'Residencial Colonia México', 'Mérida', 'Yucatán'),
(68, '97129', 'Emiliano Zapata Nte', 'Mérida', 'Yucatán'),
(69, '97130', 'Torremolinos', 'Mérida', 'Yucatán'),
(70, '97130', 'Diaz Ordaz', 'Mérida', 'Yucatán'),
(71, '97130', 'San Carlos', 'Mérida', 'Yucatán'),
(72, '97130', 'Vista Alegre', 'Mérida', 'Yucatán'),
(73, '97130', 'Residencial Palmerales de Altabrisa', 'Mérida', 'Yucatán'),
(74, '97130', 'Missan II', 'Mérida', 'Yucatán'),
(75, '97130', 'Residencial Altabrisa', 'Mérida', 'Yucatán'),
(76, '97130', 'Montecarlo', 'Mérida', 'Yucatán'),
(77, '97130', 'Vista Alegre', 'Mérida', 'Yucatán'),
(78, '97130', 'Vista Alegre Norte', 'Mérida', 'Yucatán'),
(79, '97130', 'Altabrisa', 'Mérida', 'Yucatán'),
(80, '97130', 'San Remo', 'Mérida', 'Yucatán'),
(81, '97130', 'Santa Rita Cholul', 'Mérida', 'Yucatán'),
(82, '97133', 'Montecristo', 'Mérida', 'Yucatán'),
(83, '97133', 'Montevideo', 'Mérida', 'Yucatán'),
(84, '97133', 'Residencial Camara de Comercio Norte', 'Mérida', 'Yucatán'),
(85, '97133', 'Monterreal', 'Mérida', 'Yucatán'),
(86, '97134', 'Maya', 'Mérida', 'Yucatán'),
(87, '97134', 'Paraíso Maya', 'Mérida', 'Yucatán'),
(88, '97134', 'Jose Maria Iturralde', 'Mérida', 'Yucatán'),
(89, '97135', 'Jardines de Mérida', 'Mérida', 'Yucatán'),
(90, '97136', 'Felipe Carrillo Puerto Nte', 'Mérida', 'Yucatán'),
(91, '97137', 'México Oriente', 'Mérida', 'Yucatán'),
(92, '97138', 'Jardines del Noreste', 'Mérida', 'Yucatán'),
(93, '97138', 'Los Álamos', 'Mérida', 'Yucatán'),
(94, '97138', 'Residencial Del Arco', 'Mérida', 'Yucatán'),
(95, '97138', 'La Florida', 'Mérida', 'Yucatán'),
(96, '97138', 'Los Pinos', 'Mérida', 'Yucatán'),
(97, '97138', 'Jardines Del Norte', 'Mérida', 'Yucatán'),
(98, '97138', 'Jardines de Vista Alegre', 'Mérida', 'Yucatán'),
(99, '97138', 'Residencial Bancarios', 'Mérida', 'Yucatán'),
(100, '97138', 'San Pedro Cholul', 'Mérida', 'Yucatán'),
(101, '97138', 'Santa Maria', 'Mérida', 'Yucatán'),
(102, '97138', 'El Arco', 'Mérida', 'Yucatán'),
(103, '97138', 'Jardines de Vista Alegre II', 'Mérida', 'Yucatán'),
(104, '97138', 'Vista Alegre Lotificacion', 'Mérida', 'Yucatán'),
(105, '97138', 'Pinos Norte II', 'Mérida', 'Yucatán'),
(106, '97139', 'Prado Norte', 'Mérida', 'Yucatán'),
(107, '97139', 'San Antonio Cinta', 'Mérida', 'Yucatán'),
(108, '97139', 'Jardines del Norte de Prado Norte', 'Mérida', 'Yucatán'),
(109, '97140', 'Lopez Mateos', 'Mérida', 'Yucatán'),
(110, '97140', 'San Luis', 'Mérida', 'Yucatán'),
(111, '97140', 'San Miguel', 'Mérida', 'Yucatán'),
(112, '97142', 'Unidad Habitacional CTM', 'Mérida', 'Yucatán'),
(113, '97142', 'Antonia Jimenez Trava', 'Mérida', 'Yucatán'),
(114, '97142', 'Antonia Jimenez Trava II', 'Mérida', 'Yucatán'),
(115, '97142', 'San Vicente Oriente (La Isla)', 'Mérida', 'Yucatán'),
(116, '97143', 'Polígono 108', 'Mérida', 'Yucatán'),
(117, '97143', 'Vicente Guerrero', 'Mérida', 'Yucatán'),
(118, '97143', 'Boulevares de Oriente', 'Mérida', 'Yucatán'),
(119, '97143', 'Itzimna 108', 'Mérida', 'Yucatán'),
(120, '97143', 'Luis Donaldo Colosio', 'Mérida', 'Yucatán'),
(121, '97143', 'Leandro Valle', 'Mérida', 'Yucatán'),
(122, '97143', 'Brisas Del Bosque', 'Mérida', 'Yucatán'),
(123, '97144', 'Emiliano Zapata Ote', 'Mérida', 'Yucatán'),
(124, '97144', 'Las Brisas', 'Mérida', 'Yucatán'),
(125, '97144', 'Las Brisas Del Norte', 'Mérida', 'Yucatán'),
(126, '97144', 'Ampliación las Brisas', 'Mérida', 'Yucatán'),
(127, '97145', 'Las Palmas', 'Mérida', 'Yucatán'),
(128, '97145', 'Pet-kanche', 'Mérida', 'Yucatán'),
(129, '97145', 'San Juan Grande', 'Mérida', 'Yucatán'),
(130, '97145', 'Noria II', 'Mérida', 'Yucatán'),
(131, '97146', 'Nueva Alemán', 'Mérida', 'Yucatán'),
(132, '97146', 'Las Flores', 'Mérida', 'Yucatán'),
(133, '97147', 'Nuevo Yucatán', 'Mérida', 'Yucatán'),
(134, '97147', 'San Nicolás', 'Mérida', 'Yucatán'),
(135, '97148', 'Miguel Alemán', 'Mérida', 'Yucatán'),
(136, '97149', 'San Esteban', 'Mérida', 'Yucatán'),
(137, '97150', 'Industrial', 'Mérida', 'Yucatán'),
(138, '97150', 'Trava Quintero', 'Mérida', 'Yucatán'),
(139, '97155', 'Fenix', 'Mérida', 'Yucatán'),
(140, '97155', 'Lourdes Industrial', 'Mérida', 'Yucatán'),
(141, '97156', 'Los Reyes', 'Mérida', 'Yucatán'),
(142, '97157', 'Lázaro Cárdenas Ote', 'Mérida', 'Yucatán'),
(143, '97157', 'Nueva Mayapan', 'Mérida', 'Yucatán'),
(144, '97158', 'Chuminopolis', 'Mérida', 'Yucatán'),
(145, '97159', 'Máximo Ancona', 'Mérida', 'Yucatán'),
(146, '97159', 'Manuel Avila Camacho', 'Mérida', 'Yucatán'),
(147, '97159', 'Mayapan', 'Mérida', 'Yucatán'),
(148, '97159', 'Nueva Pacabtun', 'Mérida', 'Yucatán'),
(149, '97159', 'Nueva Mayapan', 'Mérida', 'Yucatán'),
(150, '97159', 'Lotificacion las Brisas', 'Mérida', 'Yucatán'),
(151, '97160', 'Del Parque', 'Mérida', 'Yucatán'),
(152, '97160', 'Pacabtun', 'Mérida', 'Yucatán'),
(153, '97160', 'Manuel Avila Camacho', 'Mérida', 'Yucatán'),
(154, '97160', 'Privada Del Autotransporte CTM', 'Mérida', 'Yucatán'),
(155, '97165', 'Melchor Ocampo', 'Mérida', 'Yucatán'),
(156, '97165', 'Melchor Ocampo II', 'Mérida', 'Yucatán'),
(157, '97166', 'Fidel Velázquez', 'Mérida', 'Yucatán'),
(158, '97166', 'Salvador Alvarado Oriente', 'Mérida', 'Yucatán'),
(159, '97166', 'Fidel Velázquez 2a Etapa', 'Mérida', 'Yucatán'),
(160, '97167', 'Emilio Portes Gil', 'Mérida', 'Yucatán'),
(161, '97167', 'Bosques de Oriente', 'Mérida', 'Yucatán'),
(162, '97167', 'Privada Emilio Portes Gil', 'Mérida', 'Yucatán'),
(163, '97168', 'Del Carmen', 'Mérida', 'Yucatán'),
(164, '97168', 'Cortes Sarmiento', 'Mérida', 'Yucatán'),
(165, '97168', 'Jardines de Miraflores', 'Mérida', 'Yucatán'),
(166, '97168', 'Cerillera', 'Mérida', 'Yucatán'),
(167, '97169', 'Esperanza', 'Mérida', 'Yucatán'),
(168, '97169', 'Wallis', 'Mérida', 'Yucatán'),
(169, '97170', 'Chichen-itza', 'Mérida', 'Yucatán'),
(170, '97170', 'Nueva Chichen-itza', 'Mérida', 'Yucatán'),
(171, '97173', 'Vergel', 'Mérida', 'Yucatán'),
(172, '97173', 'Vergel II', 'Mérida', 'Yucatán'),
(173, '97173', 'Vergel III', 'Mérida', 'Yucatán'),
(174, '97173', 'Vergel IV', 'Mérida', 'Yucatán'),
(175, '97173', 'San Jose Vergel', 'Mérida', 'Yucatán'),
(176, '97173', 'Real San José', 'Mérida', 'Yucatán'),
(177, '97173', 'Misne III', 'Mérida', 'Yucatán'),
(178, '97174', 'Villas La Macarena', 'Mérida', 'Yucatán'),
(179, '97174', 'Morelos Oriente', 'Mérida', 'Yucatán'),
(180, '97175', 'Amalia Solorzano', 'Mérida', 'Yucatán'),
(181, '97176', 'Misné II', 'Mérida', 'Yucatán'),
(182, '97176', 'San Pablo Oriente', 'Mérida', 'Yucatán'),
(183, '97176', 'Vergel 65', 'Mérida', 'Yucatán'),
(184, '97176', 'San Antonio Kaua', 'Mérida', 'Yucatán'),
(185, '97176', 'El Vergel', 'Mérida', 'Yucatán'),
(186, '97177', 'Azcorra', 'Mérida', 'Yucatán'),
(187, '97178', 'Benito Juárez Ote', 'Mérida', 'Yucatán'),
(188, '97179', 'Miraflores', 'Mérida', 'Yucatán'),
(189, '97179', 'Privada Miraflores', 'Mérida', 'Yucatán'),
(190, '97180', 'Vicente Solis', 'Mérida', 'Yucatán'),
(191, '97189', 'Canto', 'Mérida', 'Yucatán'),
(192, '97189', 'San Jose', 'Mérida', 'Yucatán'),
(193, '97190', 'Morelos', 'Mérida', 'Yucatán'),
(194, '97190', 'Morelos Issste Fovissste', 'Mérida', 'Yucatán'),
(195, '97195', 'Nueva Kukulkan', 'Mérida', 'Yucatán'),
(196, '97195', 'San Antonio Kaua', 'Mérida', 'Yucatán'),
(197, '97195', 'San Antonio Kaua II', 'Mérida', 'Yucatán'),
(198, '97195', 'Miraflores II', 'Mérida', 'Yucatán'),
(199, '97195', 'San Antonio Kaua I', 'Mérida', 'Yucatán'),
(200, '97195', 'Aquaparque', 'Mérida', 'Yucatán'),
(201, '97196', 'Salvador Alvarado Sur', 'Mérida', 'Yucatán'),
(202, '97196', 'Militar', 'Mérida', 'Yucatán'),
(203, '97196', 'Salvador Alvarado Sur II', 'Mérida', 'Yucatán'),
(204, '97196', 'Ampliación Salvador Alvarado Sur', 'Mérida', 'Yucatán'),
(205, '97198', 'Ampliación Granjas', 'Mérida', 'Yucatán'),
(206, '97198', 'Reparto Granjas', 'Mérida', 'Yucatán'),
(207, '97198', 'Kukulcan', 'Mérida', 'Yucatán'),
(208, '97199', 'Maria Luisa', 'Mérida', 'Yucatán'),
(209, '97203', 'Cordeleros de Chuburna', 'Mérida', 'Yucatán'),
(210, '97203', 'El Prado', 'Mérida', 'Yucatán'),
(211, '97203', 'San Pedro Uxmal', 'Mérida', 'Yucatán'),
(212, '97203', 'Tulias de Chuburna', 'Mérida', 'Yucatán'),
(213, '97203', 'Arcos del Sol', 'Mérida', 'Yucatán'),
(214, '97203', 'Aurea Residencial', 'Mérida', 'Yucatán'),
(215, '97203', 'Arekas', 'Mérida', 'Yucatán'),
(216, '97203', 'Brisas de Chuburna', 'Mérida', 'Yucatán'),
(217, '97203', 'Camara de La Construcción', 'Mérida', 'Yucatán'),
(218, '97203', 'Cocoteros', 'Mérida', 'Yucatán'),
(219, '97203', 'Del Bosque', 'Mérida', 'Yucatán'),
(220, '97203', 'El Conquistador', 'Mérida', 'Yucatán'),
(221, '97203', 'San Pablo', 'Mérida', 'Yucatán'),
(222, '97203', 'Terranova', 'Mérida', 'Yucatán'),
(223, '97203', 'Villas Palma Real', 'Mérida', 'Yucatán'),
(224, '97203', 'Villas Del Prado', 'Mérida', 'Yucatán'),
(225, '97203', 'Vista Alegre de Chuburna', 'Mérida', 'Yucatán'),
(226, '97203', 'Privada Chuburna de Hidalgo (II)', 'Mérida', 'Yucatán'),
(227, '97203', 'Privada Chuburna Plus', 'Mérida', 'Yucatán'),
(228, '97203', 'Privada Palma Caribeña', 'Mérida', 'Yucatán'),
(229, '97203', 'Francisco de Montejo', 'Mérida', 'Yucatán'),
(230, '97203', 'San José Chuburna', 'Mérida', 'Yucatán'),
(231, '97203', 'Magnolias', 'Mérida', 'Yucatán'),
(232, '97203', 'Rincón Colonial', 'Mérida', 'Yucatán'),
(233, '97203', 'Puesta del Sol', 'Mérida', 'Yucatán'),
(234, '97203', 'Las Haciendas III', 'Mérida', 'Yucatán'),
(235, '97203', 'La Castellana', 'Mérida', 'Yucatán'),
(236, '97203', 'Privada Corozal', 'Mérida', 'Yucatán'),
(237, '97203', 'Ampliación Francisco de Montejo', 'Mérida', 'Yucatán'),
(238, '97203', 'Francisco de Montejo II', 'Mérida', 'Yucatán'),
(239, '97203', 'Francisco de Montejo III', 'Mérida', 'Yucatán'),
(240, '97203', 'Francisco de Montejo IV', 'Mérida', 'Yucatán'),
(241, '97203', 'Francisco de Montejo V', 'Mérida', 'Yucatán'),
(242, '97203', 'Platino', 'Mérida', 'Yucatán'),
(243, '97204', 'Xcumpich', 'Mérida', 'Yucatán'),
(244, '97204', 'Vía Montejo', 'Mérida', 'Yucatán'),
(245, '97204', 'Residencial Piedrasul', 'Mérida', 'Yucatán'),
(246, '97204', 'Residencial Galerias', 'Mérida', 'Yucatán'),
(247, '97204', 'Revolución', 'Mérida', 'Yucatán'),
(248, '97205', 'Residencial Hacienda Real', 'Mérida', 'Yucatán'),
(249, '97205', 'Chuburna de Hidalgo', 'Mérida', 'Yucatán'),
(250, '97205', 'Bugambilias', 'Mérida', 'Yucatán'),
(251, '97205', 'El Cortijo I', 'Mérida', 'Yucatán'),
(252, '97205', 'El Cortijo II', 'Mérida', 'Yucatán'),
(253, '97205', 'Juan B Sosa', 'Mérida', 'Yucatán'),
(254, '97205', 'Loma Bonita Xcumpich', 'Mérida', 'Yucatán'),
(255, '97205', 'Residencial La Noria', 'Mérida', 'Yucatán'),
(256, '97205', 'Callejones de Chuburna', 'Mérida', 'Yucatán'),
(257, '97205', 'Las Hadas', 'Mérida', 'Yucatán'),
(258, '97205', 'Boulevares de Chuburna', 'Mérida', 'Yucatán'),
(259, '97205', 'Chuburna Inn', 'Mérida', 'Yucatán'),
(260, '97205', 'El Campanario', 'Mérida', 'Yucatán'),
(261, '97205', 'San Ángel', 'Mérida', 'Yucatán'),
(262, '97205', 'Chuburna de Hidalgo (La Floresta)', 'Mérida', 'Yucatán'),
(263, '97205', 'Las Dalias II', 'Mérida', 'Yucatán'),
(264, '97205', 'Tabachines', 'Mérida', 'Yucatán'),
(265, '97205', 'Villas Chuburna IV', 'Mérida', 'Yucatán'),
(266, '97205', 'Paraíso', 'Mérida', 'Yucatán'),
(267, '97205', 'San Luis Chuburna', 'Mérida', 'Yucatán'),
(268, '97205', 'Pinzon', 'Mérida', 'Yucatán'),
(269, '97205', 'Privada las Flores', 'Mérida', 'Yucatán'),
(270, '97205', 'Privada Chuburna de Hidalgo I', 'Mérida', 'Yucatán'),
(271, '97205', 'Privada Pedregal II', 'Mérida', 'Yucatán'),
(272, '97205', 'Privada Arboledas', 'Mérida', 'Yucatán'),
(273, '97205', 'Arboledas Chuburna', 'Mérida', 'Yucatán'),
(274, '97205', 'Privada Campestre Chuburna', 'Mérida', 'Yucatán'),
(275, '97205', 'Privada San Ángel Chuburna', 'Mérida', 'Yucatán'),
(276, '97205', 'Loma Bonita', 'Mérida', 'Yucatán'),
(277, '97206', 'El Rosario', 'Mérida', 'Yucatán'),
(278, '97206', 'San Francisco Chuburna', 'Mérida', 'Yucatán'),
(279, '97206', 'San Francisco Chuburna II', 'Mérida', 'Yucatán'),
(280, '97206', 'San Jose I', 'Mérida', 'Yucatán'),
(281, '97206', 'San Jose II', 'Mérida', 'Yucatán'),
(282, '97206', 'Mérida (Elefante Grande)', 'Mérida', 'Yucatán'),
(283, '97206', 'San Vicente Chuburna', 'Mérida', 'Yucatán'),
(284, '97206', 'Privada Cipreses', 'Mérida', 'Yucatán'),
(285, '97206', 'Residencial Turquesa', 'Mérida', 'Yucatán'),
(286, '97207', 'Villas de Chuburna', 'Mérida', 'Yucatán'),
(287, '97208', 'Malaga', 'Mérida', 'Yucatán'),
(288, '97208', 'Rinconada de Chuburna', 'Mérida', 'Yucatán'),
(289, '97208', 'Residencial Atlantis', 'Mérida', 'Yucatán'),
(290, '97208', 'El Cedral', 'Mérida', 'Yucatán'),
(291, '97208', 'Felipe Carrillo Puerto', 'Mérida', 'Yucatán'),
(292, '97208', 'Las Quintas (Chuburna)', 'Mérida', 'Yucatán'),
(293, '97208', 'Privada Chuburna de Hidalgo', 'Mérida', 'Yucatán'),
(294, '97209', 'Jardines de Chuburna', 'Mérida', 'Yucatán'),
(295, '97209', 'Privada San Jorge (Chuburna)', 'Mérida', 'Yucatán'),
(296, '97210', 'Tanlum', 'Mérida', 'Yucatán'),
(297, '97210', 'Joaquín Ceballos Mimenza', 'Mérida', 'Yucatán'),
(298, '97210', 'Pedregales de Tanlum', 'Mérida', 'Yucatán'),
(299, '97215', 'Colonial Buenavista', 'Mérida', 'Yucatán'),
(300, '97215', 'Colonial Chuburna', 'Mérida', 'Yucatán'),
(301, '97215', 'Águilas Chuburna', 'Mérida', 'Yucatán'),
(302, '97217', 'Fovissste', 'Mérida', 'Yucatán'),
(303, '97217', 'Residencial Pensiones I y II', 'Mérida', 'Yucatán'),
(304, '97217', 'Francisco El Porvenir', 'Mérida', 'Yucatán'),
(305, '97217', 'Residencial Pensiones III', 'Mérida', 'Yucatán'),
(306, '97217', 'Residencial Pensiones IV', 'Mérida', 'Yucatán'),
(307, '97217', 'Residencial Pensiones V', 'Mérida', 'Yucatán'),
(308, '97217', 'Residencial Pensiones VI', 'Mérida', 'Yucatán'),
(309, '97217', 'Residencial Pensiones III (1)', 'Mérida', 'Yucatán'),
(310, '97217', 'Residencial Pensiones III (II)', 'Mérida', 'Yucatán'),
(311, '97217', 'Pensiones Norte', 'Mérida', 'Yucatán'),
(312, '97218', 'Roma', 'Mérida', 'Yucatán'),
(313, '97218', 'San Damián', 'Mérida', 'Yucatán'),
(314, '97218', 'Residencial Roma', 'Mérida', 'Yucatán'),
(315, '97218', 'San Isidro', 'Mérida', 'Yucatán'),
(316, '97218', 'Conjunto los Naranjos', 'Mérida', 'Yucatán'),
(317, '97218', 'Lotificacion San Damián', 'Mérida', 'Yucatán'),
(318, '97218', 'Privada San Damián', 'Mérida', 'Yucatán'),
(319, '97219', 'Francisco Villa', 'Mérida', 'Yucatán'),
(320, '97219', 'Lindavista', 'Mérida', 'Yucatán'),
(321, '97219', 'Limones', 'Mérida', 'Yucatán'),
(322, '97219', 'Privada Pensiones', 'Mérida', 'Yucatán'),
(323, '97219', 'San Damiancito', 'Mérida', 'Yucatán'),
(324, '97219', 'Jardines de Pensiones', 'Mérida', 'Yucatán'),
(325, '97219', 'Residencial del Norte', 'Mérida', 'Yucatán'),
(326, '97219', 'Amapola', 'Mérida', 'Yucatán'),
(327, '97219', 'Lindavista II', 'Mérida', 'Yucatán'),
(328, '97219', 'Jardines de Lindavista', 'Mérida', 'Yucatán'),
(329, '97219', 'Lotificacion San Damiancito I', 'Mérida', 'Yucatán'),
(330, '97219', 'Lotificacion San Damiancito II', 'Mérida', 'Yucatán'),
(331, '97219', 'Quinta Versalles', 'Mérida', 'Yucatán'),
(332, '97219', 'Unidad Habitacional Mérida Issste', 'Mérida', 'Yucatán'),
(333, '97219', 'Residencial Pensiones VII', 'Mérida', 'Yucatán'),
(334, '97219', 'Paseos de Pensiones', 'Mérida', 'Yucatán'),
(335, '97219', 'Pensiones', 'Mérida', 'Yucatán'),
(336, '97219', 'Ampliación Lindavista (Elefante Chico)', 'Mérida', 'Yucatán'),
(337, '97219', 'Paseos de Chenku', 'Mérida', 'Yucatán'),
(338, '97219', 'Pedregal de Lindavista', 'Mérida', 'Yucatán'),
(339, '97220', 'Nueva Hidalgo', 'Mérida', 'Yucatán'),
(340, '97220', 'La Vaca Feliz', 'Mérida', 'Yucatán'),
(341, '97220', 'Miguel Hidalgo', 'Mérida', 'Yucatán'),
(342, '97220', 'Zona Dorada', 'Mérida', 'Yucatán'),
(343, '97220', 'Atlántida', 'Mérida', 'Yucatán'),
(344, '97225', 'Paseo de las Fuentes', 'Mérida', 'Yucatán'),
(345, '97225', 'Privada San Pedro', 'Mérida', 'Yucatán'),
(346, '97226', 'El Porvenir', 'Mérida', 'Yucatán'),
(347, '97227', 'Jacinto Canek', 'Mérida', 'Yucatán'),
(348, '97227', 'Las Vigas', 'Mérida', 'Yucatán'),
(349, '97229', 'Luis Echeverría Alvarez', 'Mérida', 'Yucatán'),
(350, '97229', '15 de Mayo', 'Mérida', 'Yucatán'),
(351, '97229', 'Hacienda San Antonio', 'Mérida', 'Yucatán'),
(352, '97229', 'Xcom', 'Mérida', 'Yucatán'),
(353, '97229', 'Zona Dorada II', 'Mérida', 'Yucatán'),
(354, '97229', 'Villa Zona Dorada', 'Mérida', 'Yucatán'),
(355, '97229', 'Ampliación Roma (Luis Echeverría)', 'Mérida', 'Yucatán'),
(356, '97229', 'Hacienda Inn', 'Mérida', 'Yucatán'),
(357, '97230', 'Bojorquez', 'Mérida', 'Yucatán'),
(358, '97230', 'Armando Avila Gurrutia', 'Mérida', 'Yucatán'),
(359, '97237', 'Central de Abasto', 'Mérida', 'Yucatán'),
(360, '97238', 'Nora Quintana', 'Mérida', 'Yucatán'),
(361, '97238', 'Yucalpeten', 'Mérida', 'Yucatán'),
(362, '97238', 'Villas de Yucalpeten', 'Mérida', 'Yucatán'),
(363, '97238', 'Residencial Casa Blanca', 'Mérida', 'Yucatán'),
(364, '97238', 'Brisas del Poniente (Yucalpeten)', 'Mérida', 'Yucatán'),
(365, '97238', 'Jardines de Yucalpeten', 'Mérida', 'Yucatán'),
(366, '97239', 'Yucalpeten Secc Florida', 'Mérida', 'Yucatán'),
(367, '97240', 'Francisco I Madero', 'Mérida', 'Yucatán'),
(368, '97245', 'Lopez Portillo', 'Mérida', 'Yucatán'),
(369, '97245', 'Xoclan Canto', 'Mérida', 'Yucatán'),
(370, '97245', 'Xoclan Santos', 'Mérida', 'Yucatán'),
(371, '97246', 'Juan Pablo II Secc. Mérida 2000', 'Mérida', 'Yucatán'),
(372, '97246', 'Bosques del Poniente', 'Mérida', 'Yucatán'),
(373, '97246', 'Jardines de Nueva Mulsay', 'Mérida', 'Yucatán'),
(374, '97246', 'La Reja', 'Mérida', 'Yucatán'),
(375, '97246', 'Mulsay', 'Mérida', 'Yucatán'),
(376, '97246', 'Mulsay de La Magdalena', 'Mérida', 'Yucatán'),
(377, '97246', 'Xoclan', 'Mérida', 'Yucatán'),
(378, '97246', 'Xoclan Xbech', 'Mérida', 'Yucatán'),
(379, '97246', 'Juan Pablo II Cardenales', 'Mérida', 'Yucatán'),
(380, '97246', 'Juan Pablo II', 'Mérida', 'Yucatán'),
(381, '97246', 'México Poniente', 'Mérida', 'Yucatán'),
(382, '97246', 'Xoclan Carmelitas', 'Mérida', 'Yucatán'),
(383, '97246', 'Bosques de Mulsay', 'Mérida', 'Yucatán'),
(384, '97246', 'Granja Fruticola Susula', 'Mérida', 'Yucatán'),
(385, '97246', 'Mulsay Solidaridad', 'Mérida', 'Yucatán'),
(386, '97246', 'Hacienda Mulsay', 'Mérida', 'Yucatán'),
(387, '97246', 'Ampliación Juan Pablo II', 'Mérida', 'Yucatán'),
(388, '97246', 'Paseos de Opichen', 'Mérida', 'Yucatán'),
(389, '97246', 'Villas de Tixcacal', 'Mérida', 'Yucatán'),
(390, '97246', 'Los Ángeles', 'Mérida', 'Yucatán'),
(391, '97246', 'Angeles II', 'Mérida', 'Yucatán'),
(392, '97246', 'Anexo Juan Pablo II', 'Mérida', 'Yucatán'),
(393, '97247', 'San Lorenzo', 'Mérida', 'Yucatán'),
(394, '97249', 'Mulsay', 'Mérida', 'Yucatán'),
(395, '97249', 'Nueva Mulsay', 'Mérida', 'Yucatán'),
(396, '97249', 'Nueva Mulsay I', 'Mérida', 'Yucatán'),
(397, '97249', 'Plantel México', 'Mérida', 'Yucatán'),
(398, '97249', 'Pedregales de Nueva Mulsay Etapa', 'Mérida', 'Yucatán'),
(399, '97249', 'Xoclan Susula', 'Mérida', 'Yucatán'),
(400, '97249', 'Jardines de Nueva Mulsay II', 'Mérida', 'Yucatán'),
(401, '97249', 'Nueva Reforma Agraria', 'Mérida', 'Yucatán'),
(402, '97249', 'Tixcacal Opichen', 'Mérida', 'Yucatán'),
(403, '97249', 'Villa Magna', 'Mérida', 'Yucatán'),
(404, '97249', 'Cinturón Verde', 'Mérida', 'Yucatán'),
(405, '97249', 'Villa Magna II', 'Mérida', 'Yucatán'),
(406, '97249', 'Ampliación Tixcacal Opichen', 'Mérida', 'Yucatán'),
(407, '97249', 'Hacienda Opichen', 'Mérida', 'Yucatán'),
(408, '97249', 'Jardines de Nueva Mulsay III', 'Mérida', 'Yucatán'),
(409, '97249', 'Núcleo Mulsay', 'Mérida', 'Yucatán'),
(410, '97249', 'Girasoles de Opichen', 'Mérida', 'Yucatán'),
(411, '97249', 'Hacienda Opichen', 'Mérida', 'Yucatán'),
(412, '97249', 'Residencial Valparaiso', 'Mérida', 'Yucatán'),
(413, '97249', 'Diamante Paseos de Opichen', 'Mérida', 'Yucatán'),
(414, '97250', 'Nueva Sambula', 'Mérida', 'Yucatán'),
(415, '97250', 'Sambula', 'Mérida', 'Yucatán'),
(416, '97255', 'Bicentenario', 'Mérida', 'Yucatán'),
(417, '97255', 'El Roble', 'Mérida', 'Yucatán'),
(418, '97255', 'Manuel Crescencio Rejon', 'Mérida', 'Yucatán'),
(419, '97255', 'El Roble II', 'Mérida', 'Yucatán'),
(420, '97255', 'Roble Agrícola III', 'Mérida', 'Yucatán'),
(421, '97256', 'Álvaro Torres', 'Mérida', 'Yucatán'),
(422, '97256', 'Graciano Ricalde', 'Mérida', 'Yucatán'),
(423, '97256', 'Libertad II', 'Mérida', 'Yucatán'),
(424, '97256', 'Villas Mérida', 'Mérida', 'Yucatán'),
(425, '97256', 'Libertad III', 'Mérida', 'Yucatán'),
(426, '97256', 'Lol-Be', 'Mérida', 'Yucatán'),
(427, '97256', 'Residencial Nicte', 'Mérida', 'Yucatán'),
(428, '97260', 'Obrera', 'Mérida', 'Yucatán'),
(429, '97260', 'Villa de la Obrera II', 'Mérida', 'Yucatán'),
(430, '97260', 'Villas del Mayab', 'Mérida', 'Yucatán'),
(431, '97260', 'Nueva Obrera', 'Mérida', 'Yucatán'),
(432, '97260', 'Bosques del Pedregal', 'Mérida', 'Yucatán'),
(433, '97260', 'Circuito Colonias', 'Mérida', 'Yucatán'),
(434, '97260', 'Villa Moderna', 'Mérida', 'Yucatán'),
(435, '97267', 'Manzana 115', 'Mérida', 'Yucatán'),
(436, '97268', 'Delio Moreno Canton', 'Mérida', 'Yucatán'),
(437, '97268', 'Quinta Valencia', 'Mérida', 'Yucatán'),
(438, '97269', 'Meliton Salazar', 'Mérida', 'Yucatán'),
(439, '97269', 'Santa Maria de Guadalupe', 'Mérida', 'Yucatán'),
(440, '97269', 'Renacimiento I', 'Mérida', 'Yucatán'),
(441, '97270', 'Dolores Otero', 'Mérida', 'Yucatán'),
(442, '97277', 'Mercedes Barrera', 'Mérida', 'Yucatán'),
(443, '97278', 'Castilla Camara', 'Mérida', 'Yucatán'),
(444, '97279', 'Santa Rosa', 'Mérida', 'Yucatán'),
(445, '97279', 'Quinta Santa Rosa', 'Mérida', 'Yucatán'),
(446, '97280', '5 Colonias', 'Mérida', 'Yucatán'),
(447, '97280', 'Santa Rita', 'Mérida', 'Yucatán'),
(448, '97284', 'Lomas Del Sur', 'Mérida', 'Yucatán'),
(449, '97284', 'Lindavista', 'Mérida', 'Yucatán'),
(450, '97285', 'Bellavista', 'Mérida', 'Yucatán'),
(451, '97285', 'Serapio Rendón', 'Mérida', 'Yucatán'),
(452, '97285', 'San José Tzal', 'Mérida', 'Yucatán'),
(453, '97285', 'Villa Bonita', 'Mérida', 'Yucatán'),
(454, '97285', 'Ampliación Plan de Ayala', 'Mérida', 'Yucatán'),
(455, '97285', 'Haltunchén', 'Mérida', 'Yucatán'),
(456, '97285', 'Plan de Ayala Sur', 'Mérida', 'Yucatán'),
(457, '97285', 'Serapio Rendón III', 'Mérida', 'Yucatán'),
(458, '97285', 'Villas Del Sur', 'Mérida', 'Yucatán'),
(459, '97285', 'Lotificacion Serapio Rendón 1', 'Mérida', 'Yucatán'),
(460, '97285', 'San Carlos del Sur', 'Mérida', 'Yucatán'),
(461, '97285', 'Villa Magna del Sur', 'Mérida', 'Yucatán'),
(462, '97285', 'Jardines del Sur', 'Mérida', 'Yucatán'),
(463, '97285', 'Álamos del Sur', 'Mérida', 'Yucatán'),
(464, '97285', 'Plan de Ayala Sur III', 'Mérida', 'Yucatán'),
(465, '97285', 'Serapio Rendón II', 'Mérida', 'Yucatán'),
(466, '97285', 'Las Nubes', 'Mérida', 'Yucatán'),
(467, '97285', 'Palmas del Sur', 'Mérida', 'Yucatán'),
(468, '97286', 'Las Brisas Del Sur', 'Mérida', 'Yucatán'),
(469, '97287', 'Del Sur', 'Mérida', 'Yucatán'),
(470, '97288', 'Ciudad Industrial', 'Mérida', 'Yucatán'),
(471, '97288', 'Industrial Bridec', 'Mérida', 'Yucatán'),
(472, '97289', 'La Hacienda', 'Mérida', 'Yucatán'),
(473, '97289', 'San Nicolás Del Sur', 'Mérida', 'Yucatán'),
(474, '97289', 'Ampliación La Hacienda', 'Mérida', 'Yucatán'),
(475, '97290', 'San Antonio Xluch', 'Mérida', 'Yucatán'),
(476, '97290', 'Nueva San Jose Tecoh', 'Mérida', 'Yucatán'),
(477, '97290', 'San Antonio Xluch II', 'Mérida', 'Yucatán'),
(478, '97290', 'La Guadalupana', 'Mérida', 'Yucatán'),
(479, '97295', 'Mérida (Lic. Manuel Crescencio Rejón)', 'Mérida', 'Yucatán'),
(480, '97295', 'San Marcos', 'Mérida', 'Yucatán'),
(481, '97295', 'Gran Roble', 'Mérida', 'Yucatán'),
(482, '97295', 'El Roble Agrícola', 'Mérida', 'Yucatán'),
(483, '97295', 'Santa Cruz', 'Mérida', 'Yucatán'),
(484, '97296', 'San Marcos Nocoh', 'Mérida', 'Yucatán'),
(485, '97297', 'Villas Quetzal', 'Mérida', 'Yucatán'),
(486, '97297', 'Emiliano Zapata Sur', 'Mérida', 'Yucatán'),
(487, '97297', 'El Rosal', 'Mérida', 'Yucatán'),
(488, '97297', 'San Luis Sur', 'Mérida', 'Yucatán'),
(489, '97297', 'Metropolitana', 'Mérida', 'Yucatán'),
(490, '97297', 'San Antonio Xluch III', 'Mérida', 'Yucatán'),
(491, '97298', 'Zacilha', 'Mérida', 'Yucatán'),
(492, '97298', 'San Jose Tecoh Sur', 'Mérida', 'Yucatán'),
(493, '97298', 'Privada Zuzil - Ha', 'Mérida', 'Yucatán'),
(494, '97298', 'Zazil - Ha II', 'Mérida', 'Yucatán'),
(495, '97298', 'Brisas de San José', 'Mérida', 'Yucatán'),
(496, '97299', 'San Jose Tecoh', 'Mérida', 'Yucatán'),
(497, '97302', 'Los Tamarindos', 'Mérida', 'Yucatán'),
(498, '97302', 'Residencial Xcanatún', 'Mérida', 'Yucatán'),
(499, '97302', 'Royal del Parque', 'Mérida', 'Yucatán'),
(500, '97302', 'Chablekal', 'Mérida', 'Yucatán'),
(501, '97302', 'Komchén', 'Mérida', 'Yucatán'),
(502, '97302', 'Xcanatún', 'Mérida', 'Yucatán'),
(503, '97302', 'Dzidzilché', 'Mérida', 'Yucatán'),
(504, '97302', 'Sierra Papacal', 'Mérida', 'Yucatán'),
(505, '97302', 'Piedra Antigua', 'Mérida', 'Yucatán'),
(506, '97302', 'Palmequén', 'Mérida', 'Yucatán'),
(507, '97302', 'Xotik', 'Mérida', 'Yucatán'),
(508, '97302', 'San Antonio Residencial', 'Mérida', 'Yucatán'),
(509, '97302', 'Residencial La Alborada', 'Mérida', 'Yucatán'),
(510, '97302', 'Residencial Club Norte Mérida', 'Mérida', 'Yucatán'),
(511, '97302', 'San Antonio Hool', 'Mérida', 'Yucatán'),
(512, '97302', 'Real de Dzityá', 'Mérida', 'Yucatán'),
(513, '97302', 'Punta Lago', 'Mérida', 'Yucatán'),
(514, '97302', 'Parque Industrial Yucatán', 'Mérida', 'Yucatán'),
(515, '97302', 'San Juan Bautista', 'Mérida', 'Yucatán'),
(516, '97302', 'Dzityá', 'Mérida', 'Yucatán'),
(517, '97302', 'Sac-Nicté', 'Mérida', 'Yucatán'),
(518, '97302', 'Temozón Norte', 'Mérida', 'Yucatán'),
(519, '97302', 'Club de Golf La Ceiba', 'Mérida', 'Yucatán'),
(520, '97302', 'Las Américas', 'Mérida', 'Yucatán'),
(521, '97302', 'Real Montejo', 'Mérida', 'Yucatán'),
(522, '97302', 'Residencial del Mayab', 'Mérida', 'Yucatán'),
(523, '97302', 'Las Fincas', 'Mérida', 'Yucatán'),
(524, '97302', 'Núcleo Sodzil', 'Mérida', 'Yucatán'),
(525, '97303', 'Cosgaya', 'Mérida', 'Yucatán'),
(526, '97303', 'Kikteil', 'Mérida', 'Yucatán'),
(527, '97303', 'Noc Ac', 'Mérida', 'Yucatán'),
(528, '97303', 'Cheumán', 'Mérida', 'Yucatán'),
(529, '97304', 'Xcunyá', 'Mérida', 'Yucatán'),
(530, '97304', 'Tamanché', 'Mérida', 'Yucatán'),
(531, '97305', 'Residencial Campestre Viladiu', 'Mérida', 'Yucatán'),
(532, '97305', 'Gran San Pedro Cholul', 'Mérida', 'Yucatán'),
(533, '97305', 'Villas Cholul', 'Mérida', 'Yucatán'),
(534, '97305', 'Bogdan', 'Mérida', 'Yucatán'),
(535, '97305', 'San Luis Cholul', 'Mérida', 'Yucatán'),
(536, '97305', 'Cholul', 'Mérida', 'Yucatán'),
(537, '97305', 'Parque Central', 'Mérida', 'Yucatán'),
(538, '97305', 'Sian Kaan', 'Mérida', 'Yucatán'),
(539, '97305', 'Residencial Anturio', 'Mérida', 'Yucatán'),
(540, '97305', 'Altavista', 'Mérida', 'Yucatán'),
(541, '97305', 'Granjas Cholul', 'Mérida', 'Yucatán'),
(542, '97305', 'Alura', 'Mérida', 'Yucatán'),
(543, '97305', 'Tixcuytún', 'Mérida', 'Yucatán'),
(544, '97305', 'Villas del Bosque Cholul', 'Mérida', 'Yucatán'),
(545, '97305', 'San Gabriel Tulipanes', 'Mérida', 'Yucatán'),
(546, '97305', 'Cabo Norte', 'Mérida', 'Yucatán'),
(547, '97305', 'Parque Natura', 'Mérida', 'Yucatán'),
(548, '97305', 'El Triunfo', 'Mérida', 'Yucatán'),
(549, '97305', 'Santa Gertrudis Copo', 'Mérida', 'Yucatán'),
(550, '97305', 'Algarrobos Desarrollo Residencial', 'Mérida', 'Yucatán'),
(551, '97305', 'Las Margaritas de Cholul', 'Mérida', 'Yucatán'),
(552, '97305', 'Dzibilchaltún', 'Mérida', 'Yucatán'),
(553, '97305', 'Cocoyoles', 'Mérida', 'Yucatán'),
(554, '97305', 'Jalapa', 'Mérida', 'Yucatán'),
(555, '97306', 'Chichi Suárez', 'Mérida', 'Yucatán'),
(556, '97306', 'Sitpach', 'Mérida', 'Yucatán'),
(557, '97306', 'Residencial Floresta', 'Mérida', 'Yucatán'),
(558, '97306', 'Santa María Chí', 'Mérida', 'Yucatán'),
(559, '97306', 'Los Héroes', 'Mérida', 'Yucatán'),
(560, '97307', 'La Rejoyada', 'Mérida', 'Yucatán'),
(561, '97307', 'Jardines de Rejoyada', 'Mérida', 'Yucatán'),
(562, '97307', 'Komchén (Santuario)', 'Mérida', 'Yucatán'),
(563, '97308', 'Santa María Yaxché', 'Mérida', 'Yucatán'),
(564, '97308', 'Yucatán Country Club', 'Mérida', 'Yucatán'),
(565, '97308', 'Misnébalam', 'Mérida', 'Yucatán'),
(566, '97308', 'Universidad del Mayab', 'Mérida', 'Yucatán'),
(567, '97309', 'Yaxché Casares', 'Mérida', 'Yucatán'),
(568, '97310', 'Oncán', 'Mérida', 'Yucatán'),
(569, '97312', 'Los Faisanes de Tixcacal', 'Mérida', 'Yucatán'),
(570, '97312', 'Solana Residencial', 'Mérida', 'Yucatán'),
(571, '97312', 'Providencia', 'Mérida', 'Yucatán'),
(572, '97312', 'Tixcacal', 'Mérida', 'Yucatán'),
(573, '97312', 'Chalmuch', 'Mérida', 'Yucatán'),
(574, '97314', 'Balcones II', 'Mérida', 'Yucatán'),
(575, '97314', 'Ciudad Caucel II', 'Mérida', 'Yucatán'),
(576, '97314', 'Hogares Caucel', 'Mérida', 'Yucatán'),
(577, '97314', 'Caucel', 'Mérida', 'Yucatán'),
(578, '97314', 'Cerradas de la Herradura', 'Mérida', 'Yucatán'),
(579, '97314', 'Villa Jardín', 'Mérida', 'Yucatán'),
(580, '97314', 'La Ceiba', 'Mérida', 'Yucatán'),
(581, '97314', 'La Perla Ciudad Caucel', 'Mérida', 'Yucatán'),
(582, '97314', 'Gran Herradura', 'Mérida', 'Yucatán'),
(583, '97314', 'La Ciudadela', 'Mérida', 'Yucatán'),
(584, '97314', 'Piedra Norte Caucel', 'Mérida', 'Yucatán'),
(585, '97314', 'Sol Caucel', 'Mérida', 'Yucatán'),
(586, '97314', 'Jardines de Caucel', 'Mérida', 'Yucatán'),
(587, '97314', 'Susulá', 'Mérida', 'Yucatán'),
(588, '97314', 'Los Balcones', 'Mérida', 'Yucatán'),
(589, '97314', 'Los Almendros', 'Mérida', 'Yucatán'),
(590, '97314', 'Villas de Caucel', 'Mérida', 'Yucatán'),
(591, '97314', 'Boulevares', 'Mérida', 'Yucatán'),
(592, '97314', 'Arboleda', 'Mérida', 'Yucatán'),
(593, '97314', 'Las Torres I', 'Mérida', 'Yucatán'),
(594, '97314', 'Pedregales de Ciudad Caucel', 'Mérida', 'Yucatán'),
(595, '97314', 'La Herradura II', 'Mérida', 'Yucatán'),
(596, '97314', 'Gran Santa Fe', 'Mérida', 'Yucatán'),
(597, '97314', 'Las Torres', 'Mérida', 'Yucatán'),
(598, '97314', 'Viva Caucel', 'Mérida', 'Yucatán'),
(599, '97314', 'Hacienda Caucel', 'Mérida', 'Yucatán'),
(600, '97314', 'La Herradura III', 'Mérida', 'Yucatán'),
(601, '97314', 'Las Torres II', 'Mérida', 'Yucatán'),
(602, '97314', 'Centenario Cámara de Comercio Caucel', 'Mérida', 'Yucatán'),
(603, '97314', 'Sol Caucel III', 'Mérida', 'Yucatán'),
(604, '97314', 'Ciudad Caucel', 'Mérida', 'Yucatán'),
(605, '97315', 'Nuevo San José Tecoh III', 'Mérida', 'Yucatán'),
(606, '97315', 'Dzununcán', 'Mérida', 'Yucatán'),
(607, '97315', 'Molas', 'Mérida', 'Yucatán'),
(608, '97315', 'San José Tzal', 'Mérida', 'Yucatán'),
(609, '97315', 'Tahdzibichén', 'Mérida', 'Yucatán'),
(610, '97315', 'San Antonio Tzacalá', 'Mérida', 'Yucatán'),
(611, '97315', 'Dzununcan', 'Mérida', 'Yucatán'),
(612, '97315', 'Hunxectamán', 'Mérida', 'Yucatán'),
(613, '97315', 'Jardines de Tahdzibichén', 'Mérida', 'Yucatán'),
(614, '97315', 'San Pedro Chimay', 'Mérida', 'Yucatán'),
(615, '97315', 'Texán Cámara', 'Mérida', 'Yucatán'),
(616, '97315', 'Santa Cruz Palomeque', 'Mérida', 'Yucatán'),
(617, '97315', 'Xmatkuil', 'Mérida', 'Yucatán'),
(618, '97315', 'La Guadalupana', 'Mérida', 'Yucatán'),
(619, '97315', 'Nuevo San José Tecoh', 'Mérida', 'Yucatán'),
(620, '97315', 'Petac', 'Mérida', 'Yucatán'),
(621, '97316', 'Dzoyaxché', 'Mérida', 'Yucatán'),
(622, '97316', 'San Ignacio Tesip', 'Mérida', 'Yucatán'),
(623, '97316', 'Yaxnic', 'Mérida', 'Yucatán'),
(624, '97320', 'Vicente Guerrero', 'Progreso', 'Yucatán'),
(625, '97320', 'Progreso Centro', 'Progreso', 'Yucatán'),
(626, '97320', 'Feliciano Canul Reyes', 'Progreso', 'Yucatán'),
(627, '97320', 'Ismael Garcia', 'Progreso', 'Yucatán'),
(628, '97320', 'Juan Montalvo', 'Progreso', 'Yucatán'),
(629, '97320', 'Nueva Yucalpeten', 'Progreso', 'Yucatán'),
(630, '97320', 'Revolución', 'Progreso', 'Yucatán'),
(631, '97320', 'Héctor Victoria', 'Progreso', 'Yucatán'),
(632, '97320', 'Costa Azul', 'Progreso', 'Yucatán'),
(633, '97320', '23 de Noviembre', 'Progreso', 'Yucatán'),
(634, '97320', 'Las Fuentes', 'Progreso', 'Yucatán'),
(635, '97320', 'Fovissste', 'Progreso', 'Yucatán'),
(636, '97320', 'Las Palmas', 'Progreso', 'Yucatán'),
(637, '97320', 'Fovissste Brisas', 'Progreso', 'Yucatán'),
(638, '97320', 'Ciénega 2000', 'Progreso', 'Yucatán'),
(639, '97320', 'Francisco I. Madero', 'Progreso', 'Yucatán'),
(640, '97324', 'Campestre Flamboyanes', 'Progreso', 'Yucatán'),
(641, '97330', 'Chicxulub Puerto', 'Progreso', 'Yucatán'),
(642, '97334', 'San Ignacio', 'Progreso', 'Yucatán'),
(643, '97336', 'Chuburna Puerto', 'Progreso', 'Yucatán'),
(644, '97336', 'Chelem', 'Progreso', 'Yucatán'),
(645, '97336', 'Yucalpeten', 'Progreso', 'Yucatán'),
(646, '97337', 'Muelle y Puerto de Altura', 'Progreso', 'Yucatán'),
(647, '97340', 'Chicxulub', 'Chicxulub Pueblo', 'Yucatán'),
(648, '97342', 'Quintas Baspul', 'Chicxulub Pueblo', 'Yucatán'),
(649, '97343', 'Ixil', 'Ixil', 'Yucatán'),
(650, '97343', 'Concepción', 'Ixil', 'Yucatán'),
(651, '97343', 'San Rafael', 'Ixil', 'Yucatán'),
(652, '97345', 'Jardines de Conkal', 'Conkal', 'Yucatán'),
(653, '97345', 'Villas de Conkal', 'Conkal', 'Yucatán'),
(654, '97345', 'Real de Conkal', 'Conkal', 'Yucatán'),
(655, '97345', 'Paseo del Ángel', 'Conkal', 'Yucatán'),
(656, '97345', 'Santa Cruz', 'Conkal', 'Yucatán'),
(657, '97345', 'Pedregales de Conkal', 'Conkal', 'Yucatán'),
(658, '97345', 'Palma Real', 'Conkal', 'Yucatán'),
(659, '97345', 'Bosques de Conkal', 'Conkal', 'Yucatán'),
(660, '97345', 'Magnolia Residencial', 'Conkal', 'Yucatán'),
(661, '97345', 'Manere', 'Conkal', 'Yucatán'),
(662, '97345', 'Conkal', 'Conkal', 'Yucatán'),
(663, '97345', 'Los Laureles', 'Conkal', 'Yucatán'),
(664, '97345', 'Verde Limón', 'Conkal', 'Yucatán'),
(665, '97346', 'Vega del Mayab', 'Conkal', 'Yucatán'),
(666, '97346', 'X-Cuyum', 'Conkal', 'Yucatán'),
(667, '97346', 'Santa María Rosas', 'Conkal', 'Yucatán'),
(668, '97347', 'Praderas del Mayab', 'Conkal', 'Yucatán'),
(669, '97347', 'Kantoyna', 'Conkal', 'Yucatán'),
(670, '97348', 'Yaxkukul', 'Yaxkukul', 'Yucatán'),
(671, '97350', 'Papagayos', 'Hunucmá', 'Yucatán'),
(672, '97350', 'Centro Hunucmá', 'Hunucmá', 'Yucatán'),
(673, '97353', 'Texán de Palomeque', 'Hunucmá', 'Yucatán'),
(674, '97353', 'San Antonio Chel', 'Hunucmá', 'Yucatán'),
(675, '97353', 'Hunkanab', 'Hunucmá', 'Yucatán'),
(676, '97356', 'Sisal', 'Hunucmá', 'Yucatán'),
(677, '97357', 'San Juan', 'Ucú', 'Yucatán'),
(678, '97357', 'Ucú', 'Ucú', 'Yucatán'),
(679, '97357', 'Yaxche de Peón', 'Ucú', 'Yucatán'),
(680, '97360', 'Kinchil', 'Kinchil', 'Yucatán'),
(681, '97362', 'Tamchén', 'Kinchil', 'Yucatán'),
(682, '97364', 'Tetiz', 'Tetiz', 'Yucatán'),
(683, '97365', 'Nohuayun', 'Tetiz', 'Yucatán'),
(684, '97367', 'Celestún', 'Celestún', 'Yucatán'),
(685, '97367', 'Chac Canché', 'Celestún', 'Yucatán'),
(686, '97367', 'Santa Cruz Xixim', 'Celestún', 'Yucatán'),
(687, '97370', 'Santa Cecilia', 'Kanasín', 'Yucatán'),
(688, '97370', 'Valle Azul', 'Kanasín', 'Yucatán'),
(689, '97370', 'Privada del Sol', 'Kanasín', 'Yucatán'),
(690, '97370', 'Girasoles', 'Kanasín', 'Yucatán'),
(691, '97370', 'Fontana I', 'Kanasín', 'Yucatán'),
(692, '97370', 'Las Palmeras', 'Kanasín', 'Yucatán'),
(693, '97370', 'Arecas', 'Kanasín', 'Yucatán'),
(694, '97370', 'San Haroldo San José Tzal', 'Kanasín', 'Yucatán'),
(695, '97370', 'Leona Vicario', 'Kanasín', 'Yucatán'),
(696, '97370', 'Jardines de San Pedro Noh Pat', 'Kanasín', 'Yucatán'),
(697, '97370', 'Puerta del Sol', 'Kanasín', 'Yucatán'),
(698, '97370', 'Pedregales de Kanasín II', 'Kanasín', 'Yucatán'),
(699, '97370', 'Valle Oriente', 'Kanasín', 'Yucatán'),
(700, '97370', 'Villas Turquesa', 'Kanasín', 'Yucatán'),
(701, '97370', 'Álamos de Oriente', 'Kanasín', 'Yucatán'),
(702, '97370', 'Cuauhtémoc', 'Kanasín', 'Yucatán'),
(703, '97370', 'Los Pinos de Mulchechen', 'Kanasín', 'Yucatán'),
(704, '97370', 'Puerta Esmeralda', 'Kanasín', 'Yucatán'),
(705, '97370', 'La Ceiba', 'Kanasín', 'Yucatán'),
(706, '97370', 'Pedregales del Oriente', 'Kanasín', 'Yucatán'),
(707, '97370', 'Las Palmas Yucatán', 'Kanasín', 'Yucatán'),
(708, '97370', 'Xelpac', 'Kanasín', 'Yucatán'),
(709, '97370', 'Ampliación Xelpac', 'Kanasín', 'Yucatán'),
(710, '97370', 'San Ignacio', 'Kanasín', 'Yucatán'),
(711, '97370', 'Santa Ana', 'Kanasín', 'Yucatán'),
(712, '97370', 'Condesa', 'Kanasín', 'Yucatán'),
(713, '97370', 'Mulchechén II', 'Kanasín', 'Yucatán'),
(714, '97370', 'Cielo Alto', 'Kanasín', 'Yucatán'),
(715, '97370', 'Despertare', 'Kanasín', 'Yucatán'),
(716, '97370', 'Coyoles', 'Kanasín', 'Yucatán'),
(717, '97370', 'El Encanto Kanasín', 'Kanasín', 'Yucatán'),
(718, '97370', 'Arboleda Kanasín', 'Kanasín', 'Yucatán'),
(719, '97370', 'San José Kanasín', 'Kanasín', 'Yucatán'),
(720, '97370', 'Villa Bonita', 'Kanasín', 'Yucatán'),
(721, '97370', 'Rinconada Kanasín', 'Kanasín', 'Yucatán'),
(722, '97370', 'Villa Mercedes', 'Kanasín', 'Yucatán'),
(723, '97370', 'Las Perlas', 'Kanasín', 'Yucatán'),
(724, '97370', 'Valle Oriente de San Pedro Noh Pat', 'Kanasín', 'Yucatán'),
(725, '97370', 'Pedregales de Kanasín', 'Kanasín', 'Yucatán'),
(726, '97370', 'Residencial', 'Kanasín', 'Yucatán'),
(727, '97370', 'VIVAH', 'Kanasín', 'Yucatán'),
(728, '97370', 'Las Haciendas', 'Kanasín', 'Yucatán'),
(729, '97370', 'La Piedra', 'Kanasín', 'Yucatán'),
(730, '97370', 'Andrés Quintana Roo', 'Kanasín', 'Yucatán'),
(731, '97370', 'Alamos Mulchechen', 'Kanasín', 'Yucatán'),
(732, '97370', 'El Cerrito', 'Kanasín', 'Yucatán'),
(733, '97370', 'Vistana', 'Kanasín', 'Yucatán'),
(734, '97370', 'Amalia Solorzano II', 'Kanasín', 'Yucatán'),
(735, '97370', 'Kanasín Centro', 'Kanasín', 'Yucatán'),
(736, '97370', 'Colibrí', 'Kanasín', 'Yucatán'),
(737, '97370', 'CROC', 'Kanasín', 'Yucatán'),
(738, '97370', 'Francisco Villa Oriente', 'Kanasín', 'Yucatán'),
(739, '97370', 'Mulchechén', 'Kanasín', 'Yucatán'),
(740, '97370', 'San Antonio Kaua III', 'Kanasín', 'Yucatán'),
(741, '97370', 'Hector Victoria', 'Kanasín', 'Yucatán'),
(742, '97370', 'Pablo Moreno', 'Kanasín', 'Yucatán'),
(743, '97370', 'Reparto las Granjas', 'Kanasín', 'Yucatán'),
(744, '97370', 'San Camilo', 'Kanasín', 'Yucatán'),
(745, '97370', 'Los Encinos', 'Kanasín', 'Yucatán'),
(746, '97370', 'San Pedro Noh Pat', 'Kanasín', 'Yucatán'),
(747, '97370', 'Flor de Mayo', 'Kanasín', 'Yucatán'),
(748, '97370', 'Jardines de Mulchechen', 'Kanasín', 'Yucatán'),
(749, '97370', 'Jardines de Kanasín', 'Kanasín', 'Yucatán'),
(750, '97370', 'Los Tulipanes', 'Kanasín', 'Yucatán'),
(751, '97370', 'Palmas San Pedro', 'Kanasín', 'Yucatán'),
(752, '97370', 'Las Flores', 'Kanasín', 'Yucatán'),
(753, '97370', 'Los Robles III', 'Kanasín', 'Yucatán'),
(754, '97370', 'La Joya', 'Kanasín', 'Yucatán'),
(755, '97370', 'Los Robles', 'Kanasín', 'Yucatán'),
(756, '97370', 'Villas del Oriente', 'Kanasín', 'Yucatán'),
(757, '97370', 'Cecilio Chi', 'Kanasín', 'Yucatán'),
(758, '97373', 'Santa Isabel', 'Kanasín', 'Yucatán'),
(759, '97374', 'San Aroldo', 'Kanasín', 'Yucatán'),
(760, '97374', 'San Pedro (Deshuesadero)', 'Kanasín', 'Yucatán'),
(761, '97374', 'Teya', 'Kanasín', 'Yucatán'),
(762, '97376', 'San Antonio Tehuitz', 'Kanasín', 'Yucatán'),
(763, '97377', 'Tekik de Regil', 'Timucuy', 'Yucatán'),
(764, '97377', 'Timucuy', 'Timucuy', 'Yucatán'),
(765, '97378', 'Subincancab', 'Timucuy', 'Yucatán'),
(766, '97380', 'Santiago', 'Acanceh', 'Yucatán'),
(767, '97380', 'Acanceh', 'Acanceh', 'Yucatán'),
(768, '97380', 'Canicab', 'Acanceh', 'Yucatán'),
(769, '97380', 'Ticopó', 'Acanceh', 'Yucatán'),
(770, '97380', 'El Zapotal', 'Acanceh', 'Yucatán'),
(771, '97382', 'Tepich Carrillo', 'Acanceh', 'Yucatán'),
(772, '97383', 'Cibceh', 'Acanceh', 'Yucatán'),
(773, '97383', 'Petectunich', 'Acanceh', 'Yucatán'),
(774, '97383', 'Sacchich', 'Acanceh', 'Yucatán'),
(775, '97386', 'Tixpéhual', 'Tixpéhual', 'Yucatán'),
(776, '97387', 'Chocho', 'Tixpéhual', 'Yucatán'),
(777, '97387', 'Kilinche', 'Tixpéhual', 'Yucatán'),
(778, '97388', 'Sahe', 'Tixpéhual', 'Yucatán'),
(779, '97388', 'Cuca', 'Tixpéhual', 'Yucatán'),
(780, '97389', 'Techoh', 'Tixpéhual', 'Yucatán'),
(781, '97390', 'Brisas de Umán', 'Umán', 'Yucatán'),
(782, '97390', 'Las Perlas de Umán', 'Umán', 'Yucatán'),
(783, '97390', 'El Oasis', 'Umán', 'Yucatán'),
(784, '97390', 'Camino Real', 'Umán', 'Yucatán'),
(785, '97390', 'Los Arcos I', 'Umán', 'Yucatán'),
(786, '97390', 'Residencial San Lázaro', 'Umán', 'Yucatán'),
(787, '97390', 'Centro Umán', 'Umán', 'Yucatán'),
(788, '97390', 'Acim I', 'Umán', 'Yucatán'),
(789, '97390', 'Los Ceibos', 'Umán', 'Yucatán'),
(790, '97390', 'Ampliación Ciudad Industrial', 'Umán', 'Yucatán'),
(791, '97390', 'La Mejorada', 'Umán', 'Yucatán'),
(792, '97390', 'Bosques de San Francisco', 'Umán', 'Yucatán'),
(793, '97390', 'San Lorenzo', 'Umán', 'Yucatán'),
(794, '97390', 'Cepeda Peraza', 'Umán', 'Yucatán'),
(795, '97390', 'Lázaro Cárdenas', 'Umán', 'Yucatán'),
(796, '97390', 'La Candelaria', 'Umán', 'Yucatán'),
(797, '97390', 'Dzibikal', 'Umán', 'Yucatán'),
(798, '97390', 'Santa Elena', 'Umán', 'Yucatán'),
(799, '97390', 'Miguel Hidalgo y Costilla', 'Umán', 'Yucatán'),
(800, '97390', 'Bosques de Umán', 'Umán', 'Yucatán'),
(801, '97390', 'Los Arcos II', 'Umán', 'Yucatán'),
(802, '97390', 'Acim II', 'Umán', 'Yucatán'),
(803, '97390', 'San Carlos', 'Umán', 'Yucatán'),
(804, '97392', 'Piedra de Agua', 'Umán', 'Yucatán'),
(805, '97392', 'El Roble Agrícola IV', 'Umán', 'Yucatán'),
(806, '97392', 'Itzincab', 'Umán', 'Yucatán'),
(807, '97393', 'Oxcum', 'Umán', 'Yucatán'),
(808, '97393', 'Dzibikak', 'Umán', 'Yucatán'),
(809, '97394', 'Taníl', 'Umán', 'Yucatán'),
(810, '97394', 'Xcucul Sur', 'Umán', 'Yucatán'),
(811, '97394', 'Gran Santa Cruz', 'Umán', 'Yucatán'),
(812, '97394', 'Tebec', 'Umán', 'Yucatán'),
(813, '97394', 'Ticimul', 'Umán', 'Yucatán'),
(814, '97394', 'Petecbiltun', 'Umán', 'Yucatán'),
(815, '97394', 'Xtepen', 'Umán', 'Yucatán'),
(816, '97395', 'Hotzuc', 'Umán', 'Yucatán'),
(817, '97396', 'Yaxcopoil', 'Umán', 'Yucatán'),
(818, '97396', 'San Antonio Mulix', 'Umán', 'Yucatán'),
(819, '97397', 'Bolon', 'Umán', 'Yucatán'),
(820, '97397', 'Oxholon', 'Umán', 'Yucatán'),
(821, '97397', 'San Antonio Chun', 'Umán', 'Yucatán'),
(822, '97397', 'Poxila', 'Umán', 'Yucatán'),
(823, '97400', 'Centro Telchac Pueblo', 'Telchac Pueblo', 'Yucatán'),
(824, '97404', 'INFONAVIT', 'Dzemul', 'Yucatán'),
(825, '97404', 'Dzemul', 'Dzemul', 'Yucatán'),
(826, '97405', 'Xtampú', 'Dzemul', 'Yucatán'),
(827, '97405', 'Xcambó', 'Dzemul', 'Yucatán'),
(828, '97406', 'San Eduardo', 'Dzemul', 'Yucatán'),
(829, '97406', 'San Diego', 'Dzemul', 'Yucatán'),
(830, '97407', 'Telchac Puerto', 'Telchac Puerto', 'Yucatán'),
(831, '97410', 'Cansahcab', 'Cansahcab', 'Yucatán'),
(832, '97414', 'Santa María', 'Cansahcab', 'Yucatán'),
(833, '97415', 'San Antonio Xiat', 'Cansahcab', 'Yucatán'),
(834, '97415', 'Kankabchen de Molina', 'Cansahcab', 'Yucatán'),
(835, '97417', 'San Antonio', 'Cansahcab', 'Yucatán'),
(836, '97420', 'Sinanché', 'Sinanché', 'Yucatán'),
(837, '97420', 'Miguel Alemán', 'Sinanché', 'Yucatán'),
(838, '97424', 'San Crisanto', 'Sinanché', 'Yucatán'),
(839, '97425', 'Yobaín', 'Yobaín', 'Yucatán'),
(840, '97426', 'Chabihau', 'Yobaín', 'Yucatán'),
(841, '97430', 'Motul de Carrillo Puerto Centro', 'Motul', 'Yucatán'),
(842, '97430', 'Sambulá', 'Motul', 'Yucatán'),
(843, '97430', 'San Carlos', 'Motul', 'Yucatán'),
(844, '97430', 'El Roble', 'Motul', 'Yucatán'),
(845, '97430', 'Santa Cruz Pachón', 'Motul', 'Yucatán'),
(846, '97432', 'San Silverio', 'Motul', 'Yucatán'),
(847, '97432', 'Felipe Carrillo Puerto', 'Motul', 'Yucatán'),
(848, '97432', 'Infonavit', 'Motul', 'Yucatán'),
(849, '97432', 'Mario H Cuevas', 'Motul', 'Yucatán'),
(850, '97432', 'Perla de La Costa', 'Motul', 'Yucatán'),
(851, '97432', 'Las Huertas', 'Motul', 'Yucatán'),
(852, '97432', 'Puerta del Sol', 'Motul', 'Yucatán'),
(853, '97432', 'Londres', 'Motul', 'Yucatán'),
(854, '97432', 'Vivah', 'Motul', 'Yucatán'),
(855, '97433', 'Santiago Castillo', 'Motul', 'Yucatán'),
(856, '97433', 'San Juan', 'Motul', 'Yucatán'),
(857, '97434', 'Edesio Carrillo', 'Motul', 'Yucatán'),
(858, '97434', 'Rogelio Chalé', 'Motul', 'Yucatán'),
(859, '97434', 'La Herradura', 'Motul', 'Yucatán'),
(860, '97434', 'San Roque', 'Motul', 'Yucatán'),
(861, '97436', 'Sacapuc', 'Motul', 'Yucatán'),
(862, '97436', 'Timul', 'Motul', 'Yucatán'),
(863, '97437', 'Kini', 'Motul', 'Yucatán'),
(864, '97440', 'Uci', 'Motul', 'Yucatán'),
(865, '97440', 'Kancabchen', 'Motul', 'Yucatán'),
(866, '97440', 'Komchén Martínez', 'Motul', 'Yucatán'),
(867, '97440', 'Santa Teresa', 'Motul', 'Yucatán'),
(868, '97440', 'San Pedro Chacabal', 'Motul', 'Yucatán'),
(869, '97443', 'Tanya', 'Motul', 'Yucatán'),
(870, '97443', 'Kancabal', 'Motul', 'Yucatán'),
(871, '97444', 'Kaxatah', 'Motul', 'Yucatán'),
(872, '97444', 'Mesatunich', 'Motul', 'Yucatán'),
(873, '97444', 'Kopte', 'Motul', 'Yucatán'),
(874, '97444', 'Kambul', 'Motul', 'Yucatán'),
(875, '97444', 'Dzununcan', 'Motul', 'Yucatán'),
(876, '97444', 'Kancabchén Uci', 'Motul', 'Yucatán'),
(877, '97444', 'San Pedro Camara', 'Motul', 'Yucatán'),
(878, '97445', 'San Antonio Dzinah', 'Motul', 'Yucatán'),
(879, '97446', 'San José Hili', 'Motul', 'Yucatán'),
(880, '97446', 'Sakolá', 'Motul', 'Yucatán'),
(881, '97450', 'Baca', 'Baca', 'Yucatán'),
(882, '97452', 'Tixkuncheil', 'Baca', 'Yucatán'),
(883, '97452', 'Kankabchen', 'Baca', 'Yucatán'),
(884, '97453', 'San Isidro Kuxub', 'Baca', 'Yucatán'),
(885, '97453', 'San Nicolás', 'Baca', 'Yucatán'),
(886, '97454', 'Mococha', 'Mocochá', 'Yucatán'),
(887, '97455', 'Too', 'Mocochá', 'Yucatán'),
(888, '97456', 'Tekat', 'Mocochá', 'Yucatán'),
(889, '97457', 'Muxupip', 'Muxupip', 'Yucatán'),
(890, '97458', 'San Juan Koop', 'Muxupip', 'Yucatán'),
(891, '97458', 'San José Grande', 'Muxupip', 'Yucatán'),
(892, '97460', 'Santa Teresa', 'Cacalchén', 'Yucatán'),
(893, '97460', 'Cacalchen', 'Cacalchén', 'Yucatán'),
(894, '97466', 'Bokobá', 'Bokobá', 'Yucatán'),
(895, '97470', 'Tixkokob', 'Tixkokob', 'Yucatán'),
(896, '97473', 'Kankabchen', 'Tixkokob', 'Yucatán'),
(897, '97473', 'San José', 'Tixkokob', 'Yucatán'),
(898, '97474', 'Ekmul', 'Tixkokob', 'Yucatán'),
(899, '97474', 'Euan', 'Tixkokob', 'Yucatán'),
(900, '97474', 'Ruinas de Ake', 'Tixkokob', 'Yucatán'),
(901, '97475', 'Hubila', 'Tixkokob', 'Yucatán'),
(902, '97476', 'San Antonio Millet', 'Tixkokob', 'Yucatán'),
(903, '97477', 'Nolo', 'Tixkokob', 'Yucatán'),
(904, '97480', 'Hoctun', 'Hoctún', 'Yucatán'),
(905, '97483', 'Dziuche', 'Hoctún', 'Yucatán'),
(906, '97486', 'San José Oriente', 'Hoctún', 'Yucatán'),
(907, '97490', 'Tahmek', 'Tahmek', 'Yucatán'),
(908, '97500', 'Dzidzantún', 'Dzidzantún', 'Yucatán'),
(909, '97500', 'Emiliano Zapata', 'Dzidzantún', 'Yucatán'),
(910, '97500', 'San Diego Chumul', 'Dzidzantún', 'Yucatán'),
(911, '97500', 'San Juan', 'Dzidzantún', 'Yucatán'),
(912, '97500', 'Vicente Guerrero', 'Dzidzantún', 'Yucatán'),
(913, '97504', 'Mina de Oro', 'Dzidzantún', 'Yucatán'),
(914, '97504', 'Santa Clara', 'Dzidzantún', 'Yucatán'),
(915, '97506', 'San Francisco Manzanilla', 'Dzidzantún', 'Yucatán'),
(916, '97510', 'Temax', 'Temax', 'Yucatán'),
(917, '97513', 'San Antonio Camara', 'Temax', 'Yucatán'),
(918, '97515', 'Chucmichén', 'Temax', 'Yucatán'),
(919, '97515', 'Chenche de Las Torres', 'Temax', 'Yucatán'),
(920, '97516', 'Santa Ursula', 'Temax', 'Yucatán'),
(921, '97520', 'Tekantó', 'Tekantó', 'Yucatán'),
(922, '97522', 'Tixkocho', 'Tekantó', 'Yucatán'),
(923, '97522', 'Sanlatah', 'Tekantó', 'Yucatán'),
(924, '97523', 'San Francisco Dzan', 'Tekantó', 'Yucatán'),
(925, '97524', 'Teya', 'Teya', 'Yucatán'),
(926, '97527', 'Suma', 'Suma', 'Yucatán'),
(927, '97527', 'San Nicolás', 'Suma', 'Yucatán'),
(928, '97530', 'Tepakán', 'Tepakán', 'Yucatán'),
(929, '97532', 'Kantirix', 'Tepakán', 'Yucatán'),
(930, '97535', 'Tekal de Venegas', 'Tekal de Venegas', 'Yucatán'),
(931, '97536', 'El Ancla', 'Tekal de Venegas', 'Yucatán'),
(932, '97536', 'Tohoku', 'Tekal de Venegas', 'Yucatán'),
(933, '97536', 'San Felipe', 'Tekal de Venegas', 'Yucatán'),
(934, '97540', 'Benito Juárez', 'Izamal', 'Yucatán'),
(935, '97540', 'Quinta Real', 'Izamal', 'Yucatán'),
(936, '97540', 'San Genaro', 'Izamal', 'Yucatán'),
(937, '97540', 'Santo Domingo', 'Izamal', 'Yucatán');
INSERT INTO postalcodes (id, postalcode, address, city, state) VALUES
(938, '97540', 'Emiliano Zapata', 'Izamal', 'Yucatán'),
(939, '97540', 'Izamal', 'Izamal', 'Yucatán'),
(940, '97540', 'Real del Sol', 'Izamal', 'Yucatán'),
(941, '97540', 'San Juan Izamal', 'Izamal', 'Yucatán'),
(942, '97545', 'Sitilpech', 'Izamal', 'Yucatán'),
(943, '97550', 'Citilcum', 'Izamal', 'Yucatán'),
(944, '97550', 'Kimbila', 'Izamal', 'Yucatán'),
(945, '97553', 'San José Kanán', 'Izamal', 'Yucatán'),
(946, '97555', 'Cuauhtémoc', 'Izamal', 'Yucatán'),
(947, '97556', 'Xanabá', 'Izamal', 'Yucatán'),
(948, '97556', 'Yaxché', 'Izamal', 'Yucatán'),
(949, '97556', 'Popolá', 'Izamal', 'Yucatán'),
(950, '97557', 'San José', 'Izamal', 'Yucatán'),
(951, '97557', 'San Antonio', 'Izamal', 'Yucatán'),
(952, '97560', 'Hocabá', 'Hocabá', 'Yucatán'),
(953, '97563', 'El Nance', 'Hocabá', 'Yucatán'),
(954, '97564', 'Sahcaba', 'Hocabá', 'Yucatán'),
(955, '97566', 'Xocchel', 'Xocchel', 'Yucatán'),
(956, '97570', 'Seyé', 'Seyé', 'Yucatán'),
(957, '97570', 'Vicente Guerrero', 'Seyé', 'Yucatán'),
(958, '97573', 'Holactún', 'Seyé', 'Yucatán'),
(959, '97574', 'Xucu', 'Seyé', 'Yucatán'),
(960, '97575', 'San Bernardino', 'Seyé', 'Yucatán'),
(961, '97575', 'Nohcham', 'Seyé', 'Yucatán'),
(962, '97577', 'Cuzama', 'Cuzamá', 'Yucatán'),
(963, '97577', 'Eknacan', 'Cuzamá', 'Yucatán'),
(964, '97577', 'Nohchacan', 'Cuzamá', 'Yucatán'),
(965, '97578', 'Yaxkukul', 'Cuzamá', 'Yucatán'),
(966, '97578', 'Chunkanan', 'Cuzamá', 'Yucatán'),
(967, '97579', 'San Francisco Sisal', 'Cuzamá', 'Yucatán'),
(968, '97580', 'Viva', 'Homún', 'Yucatán'),
(969, '97580', 'Homun', 'Homún', 'Yucatán'),
(970, '97583', 'Polabán', 'Homún', 'Yucatán'),
(971, '97585', 'Yalahau', 'Homún', 'Yucatán'),
(972, '97586', 'San Isidro Ochil', 'Homún', 'Yucatán'),
(973, '97587', 'Sanahcat', 'Sanahcat', 'Yucatán'),
(974, '97590', 'Huhí', 'Huhí', 'Yucatán'),
(975, '97596', 'Tixcacal Quintero', 'Huhí', 'Yucatán'),
(976, '97600', 'Dzilam González', 'Dzilam González', 'Yucatán'),
(977, '97604', 'Dzonot Sabila', 'Dzilam González', 'Yucatán'),
(978, '97606', 'Dzilam de Bravo', 'Dzilam de Bravo', 'Yucatán'),
(979, '97608', 'Chun-Xaan', 'Dzilam de Bravo', 'Yucatán'),
(980, '97609', 'Kennedy', 'Dzilam de Bravo', 'Yucatán'),
(981, '97610', 'Panaba', 'Panabá', 'Yucatán'),
(982, '97614', 'San Juan del Río', 'Panabá', 'Yucatán'),
(983, '97614', 'Loche', 'Panabá', 'Yucatán'),
(984, '97614', 'San Francisco', 'Panabá', 'Yucatán'),
(985, '97615', 'San Antonio', 'Panabá', 'Yucatán'),
(986, '97615', 'Cenote Yalsihón Buena Fe', 'Panabá', 'Yucatán'),
(987, '97615', 'Vista Alegre', 'Panabá', 'Yucatán'),
(988, '97615', 'Noczal', 'Panabá', 'Yucatán'),
(989, '97616', 'San Felipe', 'San Felipe', 'Yucatán'),
(990, '97620', 'Buctzotz', 'Buctzotz', 'Yucatán'),
(991, '97623', 'X-bec', 'Buctzotz', 'Yucatán'),
(992, '97623', 'Chanmotul', 'Buctzotz', 'Yucatán'),
(993, '97624', 'Nohyaxche', 'Buctzotz', 'Yucatán'),
(994, '97624', 'La Gran Lucha', 'Buctzotz', 'Yucatán'),
(995, '97625', 'Nup-Dzonot', 'Buctzotz', 'Yucatán'),
(996, '97625', 'B. Esperanza', 'Buctzotz', 'Yucatán'),
(997, '97625', 'San Francisco', 'Buctzotz', 'Yucatán'),
(998, '97625', 'Grano de Oro', 'Buctzotz', 'Yucatán'),
(999, '97625', 'U. Juárez', 'Buctzotz', 'Yucatán'),
(1000, '97626', 'San Juan', 'Buctzotz', 'Yucatán'),
(1001, '97626', 'San Pedro', 'Buctzotz', 'Yucatán'),
(1002, '97627', 'Santo Domingo', 'Buctzotz', 'Yucatán'),
(1003, '97630', 'Sucilá', 'Sucilá', 'Yucatán'),
(1004, '97634', 'Chan Panaba', 'Sucilá', 'Yucatán'),
(1005, '97636', 'A.G. San Martín', 'Sucilá', 'Yucatán'),
(1006, '97640', 'Cenotillo', 'Cenotillo', 'Yucatán'),
(1007, '97645', 'Tixbacab', 'Cenotillo', 'Yucatán'),
(1008, '97645', 'X-Lobos', 'Cenotillo', 'Yucatán'),
(1009, '97645', 'Tucina', 'Cenotillo', 'Yucatán'),
(1010, '97646', 'Dzoncauich', 'Dzoncauich', 'Yucatán'),
(1011, '97647', 'Chacmay', 'Dzoncauich', 'Yucatán'),
(1012, '97650', 'Tunkás', 'Tunkás', 'Yucatán'),
(1013, '97653', 'San José Pibtuch', 'Tunkás', 'Yucatán'),
(1014, '97653', 'Chabak', 'Tunkás', 'Yucatán'),
(1015, '97654', 'Nicte Ha', 'Tunkás', 'Yucatán'),
(1016, '97654', 'Mactun', 'Tunkás', 'Yucatán'),
(1017, '97654', 'Kancabchén', 'Tunkás', 'Yucatán'),
(1018, '97654', 'Noc Ac', 'Tunkás', 'Yucatán'),
(1019, '97654', 'Chakan Ebula', 'Tunkás', 'Yucatán'),
(1020, '97654', 'Onichen', 'Tunkás', 'Yucatán'),
(1021, '97654', 'San Román', 'Tunkás', 'Yucatán'),
(1022, '97654', 'San Antonio Chuc', 'Tunkás', 'Yucatán'),
(1023, '97654', 'Yaxha', 'Tunkás', 'Yucatán'),
(1024, '97654', 'Santa Rosa', 'Tunkás', 'Yucatán'),
(1025, '97655', 'Quintana Roo', 'Quintana Roo', 'Yucatán'),
(1026, '97660', 'Dzitás', 'Dzitás', 'Yucatán'),
(1027, '97666', 'Xocempich', 'Dzitás', 'Yucatán'),
(1028, '97666', 'Yaxche', 'Dzitás', 'Yucatán'),
(1029, '97670', 'Kantunil', 'Kantunil', 'Yucatán'),
(1030, '97675', 'Holcá', 'Kantunil', 'Yucatán'),
(1031, '97676', 'Sudzal', 'Sudzal', 'Yucatán'),
(1032, '97677', 'Brasil', 'Sudzal', 'Yucatán'),
(1033, '97677', 'San Antonio Chalante', 'Sudzal', 'Yucatán'),
(1034, '97677', 'San Juan', 'Sudzal', 'Yucatán'),
(1035, '97677', 'Tzalam', 'Sudzal', 'Yucatán'),
(1036, '97677', 'San Martín', 'Sudzal', 'Yucatán'),
(1037, '97678', 'Chumbec', 'Sudzal', 'Yucatán'),
(1038, '97678', 'Kamcabchen', 'Sudzal', 'Yucatán'),
(1039, '97680', 'Tekit', 'Tekit', 'Yucatán'),
(1040, '97684', 'Susula', 'Tekit', 'Yucatán'),
(1041, '97686', 'Yaxic', 'Tekit', 'Yucatán'),
(1042, '97690', 'Sotuta', 'Sotuta', 'Yucatán'),
(1043, '97694', 'Tibolon', 'Sotuta', 'Yucatán'),
(1044, '97695', 'Tabi', 'Sotuta', 'Yucatán'),
(1045, '97697', 'Zavala', 'Sotuta', 'Yucatán'),
(1046, '97700', 'Tizimin Centro', 'Tizimín', 'Yucatán'),
(1047, '97700', 'Santa Cruz', 'Tizimín', 'Yucatán'),
(1048, '97702', 'Las Palmas', 'Tizimín', 'Yucatán'),
(1049, '97702', 'Residencial Tizimín', 'Tizimín', 'Yucatán'),
(1050, '97702', 'Comichén', 'Tizimín', 'Yucatán'),
(1051, '97702', 'Benito Juárez', 'Tizimín', 'Yucatán'),
(1052, '97702', 'Fovissste', 'Tizimín', 'Yucatán'),
(1053, '97702', 'Jacinto Canek', 'Tizimín', 'Yucatán'),
(1054, '97702', '8 Calles', 'Tizimín', 'Yucatán'),
(1055, '97702', 'Los Reyes', 'Tizimín', 'Yucatán'),
(1056, '97702', 'Aviación', 'Tizimín', 'Yucatán'),
(1057, '97702', 'Santa Maria', 'Tizimín', 'Yucatán'),
(1058, '97702', 'Zoológico', 'Tizimín', 'Yucatán'),
(1059, '97702', 'Villas Campestre', 'Tizimín', 'Yucatán'),
(1060, '97702', 'Campestre San Francisco', 'Tizimín', 'Yucatán'),
(1061, '97702', 'Justo Sierra', 'Tizimín', 'Yucatán'),
(1062, '97702', 'Viva', 'Tizimín', 'Yucatán'),
(1063, '97702', 'San Martín', 'Tizimín', 'Yucatán'),
(1064, '97703', 'Adolfo Lopez Mateos', 'Tizimín', 'Yucatán'),
(1065, '97703', 'San Jose Nabalam', 'Tizimín', 'Yucatán'),
(1066, '97703', 'Santo Domingo', 'Tizimín', 'Yucatán'),
(1067, '97703', 'Lázaro Cárdenas', 'Tizimín', 'Yucatán'),
(1068, '97703', 'San Carlos', 'Tizimín', 'Yucatán'),
(1069, '97703', 'Huayita', 'Tizimín', 'Yucatán'),
(1070, '97703', 'Los Reyes', 'Tizimín', 'Yucatán'),
(1071, '97704', 'Adolfo López Mateos', 'Tizimín', 'Yucatán'),
(1072, '97704', 'Los Aguacates', 'Tizimín', 'Yucatán'),
(1073, '97704', 'Santa Maria de Lima', 'Tizimín', 'Yucatán'),
(1074, '97704', 'Residencial Del Parque', 'Tizimín', 'Yucatán'),
(1075, '97705', 'Sucopó', 'Tizimín', 'Yucatán'),
(1076, '97705', 'Chan San Antonio', 'Tizimín', 'Yucatán'),
(1077, '97705', 'Kikil', 'Tizimín', 'Yucatán'),
(1078, '97705', 'Yokdzonot Meneses', 'Tizimín', 'Yucatán'),
(1079, '97705', 'X-Pambihá', 'Tizimín', 'Yucatán'),
(1080, '97706', 'Xkalax de Dzibalkú', 'Tizimín', 'Yucatán'),
(1081, '97706', 'Santa Clara Dzibalkú', 'Tizimín', 'Yucatán'),
(1082, '97706', 'Dzadz Palma', 'Tizimín', 'Yucatán'),
(1083, '97706', 'San Antonio', 'Tizimín', 'Yucatán'),
(1084, '97706', 'Libre Unión', 'Tizimín', 'Yucatán'),
(1085, '97706', 'Dzonot Box', 'Tizimín', 'Yucatán'),
(1086, '97706', 'San Román', 'Tizimín', 'Yucatán'),
(1087, '97706', 'Chunsubul', 'Tizimín', 'Yucatán'),
(1088, '97706', 'X-Panhatoro', 'Tizimín', 'Yucatán'),
(1089, '97706', 'Chenkekén', 'Tizimín', 'Yucatán'),
(1090, '97706', 'Buena Esperanza', 'Tizimín', 'Yucatán'),
(1091, '97706', 'Bondzonot Número Dos', 'Tizimín', 'Yucatán'),
(1092, '97706', 'X-Lal', 'Tizimín', 'Yucatán'),
(1093, '97706', 'X-Cail', 'Tizimín', 'Yucatán'),
(1094, '97706', 'Dzonot Tigre', 'Tizimín', 'Yucatán'),
(1095, '97707', 'Yohactún de Hidalgo', 'Tizimín', 'Yucatán'),
(1096, '97707', 'Dzonot Carretero', 'Tizimín', 'Yucatán'),
(1097, '97707', 'El Cuyo', 'Tizimín', 'Yucatán'),
(1098, '97707', 'San Francisco', 'Tizimín', 'Yucatán'),
(1099, '97707', 'Benito Juárez', 'Tizimín', 'Yucatán'),
(1100, '97707', 'San Juan', 'Tizimín', 'Yucatán'),
(1101, '97707', 'Moctezuma', 'Tizimín', 'Yucatán'),
(1102, '97707', 'Dolores', 'Tizimín', 'Yucatán'),
(1103, '97707', 'Emiliano Zapata', 'Tizimín', 'Yucatán'),
(1104, '97710', 'San Pedro Juárez', 'Tizimín', 'Yucatán'),
(1105, '97710', 'Colonia Yucatán', 'Tizimín', 'Yucatán'),
(1106, '97710', 'Dzonot Aké', 'Tizimín', 'Yucatán'),
(1107, '97710', 'San Isidro Chuncopó', 'Tizimín', 'Yucatán'),
(1108, '97710', 'Yaxchekú', 'Tizimín', 'Yucatán'),
(1109, '97710', 'Teapa', 'Tizimín', 'Yucatán'),
(1110, '97710', 'La Sierra', 'Tizimín', 'Yucatán'),
(1111, '97710', 'Lázaro Cárdenas', 'Tizimín', 'Yucatán'),
(1112, '97710', 'Felipe Carrillo Puerto Dos', 'Tizimín', 'Yucatán'),
(1113, '97710', 'San Enrique', 'Tizimín', 'Yucatán'),
(1114, '97710', 'Kabichén', 'Tizimín', 'Yucatán'),
(1115, '97710', 'El Ramonal', 'Tizimín', 'Yucatán'),
(1116, '97710', 'Orizaba', 'Tizimín', 'Yucatán'),
(1117, '97710', 'San Luis Tzuctuk', 'Tizimín', 'Yucatán'),
(1118, '97712', 'Santa Rosa Concepción', 'Tizimín', 'Yucatán'),
(1119, '97713', 'San Miguel', 'Tizimín', 'Yucatán'),
(1120, '97713', 'Santa Pilar', 'Tizimín', 'Yucatán'),
(1121, '97713', 'Santa Isabel', 'Tizimín', 'Yucatán'),
(1122, '97713', 'Santa Rosa y Anexas', 'Tizimín', 'Yucatán'),
(1123, '97713', 'Cenote Azul', 'Tizimín', 'Yucatán'),
(1124, '97713', 'Samaria', 'Tizimín', 'Yucatán'),
(1125, '97713', 'Benito Juárez', 'Tizimín', 'Yucatán'),
(1126, '97713', 'Rancho Grande', 'Tizimín', 'Yucatán'),
(1127, '97713', 'Santa Ana', 'Tizimín', 'Yucatán'),
(1128, '97713', 'Paraíso', 'Tizimín', 'Yucatán'),
(1129, '97713', 'La Libertad', 'Tizimín', 'Yucatán'),
(1130, '97714', 'Santa María', 'Tizimín', 'Yucatán'),
(1131, '97714', 'San Pedro Sacboc', 'Tizimín', 'Yucatán'),
(1132, '97715', 'San Hipólito', 'Tizimín', 'Yucatán'),
(1133, '97715', 'El Limonar', 'Tizimín', 'Yucatán'),
(1134, '97715', 'San Pedro Bacab', 'Tizimín', 'Yucatán'),
(1135, '97715', 'Nuevo León', 'Tizimín', 'Yucatán'),
(1136, '97715', 'Nuevo Tezoco', 'Tizimín', 'Yucatán'),
(1137, '97715', 'San Arturo', 'Tizimín', 'Yucatán'),
(1138, '97715', 'San Isidro', 'Tizimín', 'Yucatán'),
(1139, '97715', 'Francisco Villa', 'Tizimín', 'Yucatán'),
(1140, '97715', 'Manuel Cepeda Peraza', 'Tizimín', 'Yucatán'),
(1141, '97715', 'Santa Clara', 'Tizimín', 'Yucatán'),
(1142, '97715', 'Tres Marias', 'Tizimín', 'Yucatán'),
(1143, '97715', 'San Juan', 'Tizimín', 'Yucatán'),
(1144, '97715', 'Santa Elena', 'Tizimín', 'Yucatán'),
(1145, '97715', 'Luis Rosado Vega', 'Tizimín', 'Yucatán'),
(1146, '97716', 'San Manuel', 'Tizimín', 'Yucatán'),
(1147, '97716', 'Papoinah', 'Tizimín', 'Yucatán'),
(1148, '97716', 'El Edén (Yaxic)', 'Tizimín', 'Yucatán'),
(1149, '97716', 'Adolfo López Mateos', 'Tizimín', 'Yucatán'),
(1150, '97716', 'Santa Rosa', 'Tizimín', 'Yucatán'),
(1151, '97716', 'Quintana', 'Tizimín', 'Yucatán'),
(1152, '97716', 'San José Montecristo', 'Tizimín', 'Yucatán'),
(1153, '97716', 'Felipe Carrillo Puerto Número Uno', 'Tizimín', 'Yucatán'),
(1154, '97716', 'Chan Tres Reyes', 'Tizimín', 'Yucatán'),
(1155, '97716', 'La Esperanza', 'Tizimín', 'Yucatán'),
(1156, '97716', 'San Isidro Kilómetro Catorce (San Isidro)', 'Tizimín', 'Yucatán'),
(1157, '97717', 'Tixcancal', 'Tizimín', 'Yucatán'),
(1158, '97717', 'Chan Cenote', 'Tizimín', 'Yucatán'),
(1159, '97717', 'San Isidro Kancabdzonot', 'Tizimín', 'Yucatán'),
(1160, '97717', 'Trascorral', 'Tizimín', 'Yucatán'),
(1161, '97717', 'Dzonot Mezo', 'Tizimín', 'Yucatán'),
(1162, '97717', 'San Lorenzo', 'Tizimín', 'Yucatán'),
(1163, '97717', 'San Lorenzo Chiquilá', 'Tizimín', 'Yucatán'),
(1164, '97720', 'Río Lagartos', 'Río Lagartos', 'Yucatán'),
(1165, '97723', 'Las Coloradas', 'Río Lagartos', 'Yucatán'),
(1166, '97726', 'Quinientos', 'Río Lagartos', 'Yucatán'),
(1167, '97730', 'Espita', 'Espita', 'Yucatán'),
(1168, '97730', 'Santa Cruz Regario', 'Espita', 'Yucatán'),
(1169, '97733', 'Nacuche', 'Espita', 'Yucatán'),
(1170, '97734', 'San Antonio Xuilub', 'Espita', 'Yucatán'),
(1171, '97734', 'Kunche', 'Espita', 'Yucatán'),
(1172, '97734', 'San Pedro Chenchelo', 'Espita', 'Yucatán'),
(1173, '97739', 'Holcá', 'Espita', 'Yucatán'),
(1174, '97740', 'Temozón', 'Temozón', 'Yucatán'),
(1175, '97743', 'Santa Rita', 'Temozón', 'Yucatán'),
(1176, '97743', 'Xeb', 'Temozón', 'Yucatán'),
(1177, '97743', 'Kante', 'Temozón', 'Yucatán'),
(1178, '97743', 'Actuncah', 'Temozón', 'Yucatán'),
(1179, '97743', 'Ekbalam', 'Temozón', 'Yucatán'),
(1180, '97743', 'Xuch', 'Temozón', 'Yucatán'),
(1181, '97744', 'Hunukú', 'Temozón', 'Yucatán'),
(1182, '97744', 'Nahbalam', 'Temozón', 'Yucatán'),
(1183, '97744', 'Yokdzonot Presentado', 'Temozón', 'Yucatán'),
(1184, '97744', 'Xcanchechen', 'Temozón', 'Yucatán'),
(1185, '97744', 'Xtut', 'Temozón', 'Yucatán'),
(1186, '97744', 'Dzalbay', 'Temozón', 'Yucatán'),
(1187, '97745', 'Calotmul', 'Calotmul', 'Yucatán'),
(1188, '97746', 'Tahcabo', 'Calotmul', 'Yucatán'),
(1189, '97747', 'Pocoboch', 'Calotmul', 'Yucatán'),
(1190, '97748', 'Yokdzonot', 'Calotmul', 'Yucatán'),
(1191, '97750', 'Tinum', 'Tinum', 'Yucatán'),
(1192, '97751', 'Piste', 'Tinum', 'Yucatán'),
(1193, '97753', 'Poom', 'Tinum', 'Yucatán'),
(1194, '97754', 'Balantun', 'Tinum', 'Yucatán'),
(1195, '97755', 'San Francisco', 'Tinum', 'Yucatán'),
(1196, '97755', 'San Francisco Grande', 'Tinum', 'Yucatán'),
(1197, '97755', 'Tohopku', 'Tinum', 'Yucatán'),
(1198, '97756', 'X-Calakoop', 'Tinum', 'Yucatán'),
(1199, '97756', 'San Felipe', 'Tinum', 'Yucatán'),
(1200, '97757', 'Chichen-itza', 'Tinum', 'Yucatán'),
(1201, '97758', 'Tzukmuc', 'Chankom', 'Yucatán'),
(1202, '97758', 'Xanlá', 'Chankom', 'Yucatán'),
(1203, '97758', 'Muchucuxcáh', 'Chankom', 'Yucatán'),
(1204, '97758', 'Chankom', 'Chankom', 'Yucatán'),
(1205, '97758', 'Ticimul', 'Chankom', 'Yucatán'),
(1206, '97758', 'Xcopteil', 'Chankom', 'Yucatán'),
(1207, '97758', 'Xcatun', 'Chankom', 'Yucatán'),
(1208, '97758', 'Xtohil', 'Chankom', 'Yucatán'),
(1209, '97758', 'San Isidro', 'Chankom', 'Yucatán'),
(1210, '97758', 'Pambá', 'Chankom', 'Yucatán'),
(1211, '97758', 'Nicte-Ha', 'Chankom', 'Yucatán'),
(1212, '97758', 'X-Cocail', 'Chankom', 'Yucatán'),
(1213, '97758', 'X-Bohom', 'Chankom', 'Yucatán'),
(1214, '97758', 'Yokdzonot', 'Chankom', 'Yucatán'),
(1215, '97758', 'San Juan', 'Chankom', 'Yucatán'),
(1216, '97759', 'San Juan Xkalakdzonot', 'Chankom', 'Yucatán'),
(1217, '97759', 'Xcalakdzonot', 'Chankom', 'Yucatán'),
(1218, '97760', 'Chichimilá', 'Chichimilá', 'Yucatán'),
(1219, '97760', 'San José', 'Chichimilá', 'Yucatán'),
(1220, '97760', 'Celtun', 'Chichimilá', 'Yucatán'),
(1221, '97760', 'X-Chay', 'Chichimilá', 'Yucatán'),
(1222, '97760', 'Chan X-Cail', 'Chichimilá', 'Yucatán'),
(1223, '97760', 'Tixcancal Dzonot', 'Chichimilá', 'Yucatán'),
(1224, '97760', 'San Pedro', 'Chichimilá', 'Yucatán'),
(1225, '97761', 'Dzitox', 'Chichimilá', 'Yucatán'),
(1226, '97762', 'Tixcacalcupul', 'Tixcacalcupul', 'Yucatán'),
(1227, '97763', 'Carolina', 'Tixcacalcupul', 'Yucatán'),
(1228, '97763', 'San José', 'Tixcacalcupul', 'Yucatán'),
(1229, '97763', 'Monte Verde', 'Tixcacalcupul', 'Yucatán'),
(1230, '97763', 'Poop', 'Tixcacalcupul', 'Yucatán'),
(1231, '97763', 'Ekpedz', 'Tixcacalcupul', 'Yucatán'),
(1232, '97763', 'Mahas', 'Tixcacalcupul', 'Yucatán'),
(1233, '97763', 'Xtobil', 'Tixcacalcupul', 'Yucatán'),
(1234, '97764', 'Kaua', 'Kaua', 'Yucatán'),
(1235, '97764', 'Xtzeal', 'Kaua', 'Yucatán'),
(1236, '97765', 'San Esteban', 'Kaua', 'Yucatán'),
(1237, '97766', 'Cuncunul', 'Cuncunul', 'Yucatán'),
(1238, '97766', 'San Francisco', 'Cuncunul', 'Yucatán'),
(1239, '97766', 'San Diego', 'Cuncunul', 'Yucatán'),
(1240, '97767', 'Chebalam', 'Cuncunul', 'Yucatán'),
(1241, '97768', 'Tekom', 'Tekom', 'Yucatán'),
(1242, '97768', 'San Antonio', 'Tekom', 'Yucatán'),
(1243, '97768', 'Dzidzilché', 'Tekom', 'Yucatán'),
(1244, '97769', 'X-Cocmil', 'Tekom', 'Yucatán'),
(1245, '97769', 'Chindzonot', 'Tekom', 'Yucatán'),
(1246, '97769', 'Pocbichen', 'Tekom', 'Yucatán'),
(1247, '97769', 'Xuxcab', 'Tekom', 'Yucatán'),
(1248, '97769', 'Chibilub', 'Tekom', 'Yucatán'),
(1249, '97770', 'Chemax', 'Chemax', 'Yucatán'),
(1250, '97770', 'Benito Juárez García', 'Chemax', 'Yucatán'),
(1251, '97773', 'X-Catzín (Catzín)', 'Chemax', 'Yucatán'),
(1252, '97773', 'Uspibil', 'Chemax', 'Yucatán'),
(1253, '97773', 'Chechmil', 'Chemax', 'Yucatán'),
(1254, '97773', 'Xmaab', 'Chemax', 'Yucatán'),
(1255, '97773', 'Xuneb', 'Chemax', 'Yucatán'),
(1256, '97773', 'Xalaú', 'Chemax', 'Yucatán'),
(1257, '97773', 'Kuxeb', 'Chemax', 'Yucatán'),
(1258, '97774', 'X-can', 'Chemax', 'Yucatán'),
(1259, '97774', 'Santa Cruz', 'Chemax', 'Yucatán'),
(1260, '97774', 'Cholul', 'Chemax', 'Yucatán'),
(1261, '97774', 'San Andrés', 'Chemax', 'Yucatán'),
(1262, '97774', 'San Roman', 'Chemax', 'Yucatán'),
(1263, '97774', 'San Pedro Chemax', 'Chemax', 'Yucatán'),
(1264, '97774', 'Santa Elena', 'Chemax', 'Yucatán'),
(1265, '97774', 'San Juan Chen', 'Chemax', 'Yucatán'),
(1266, '97774', 'Mucel', 'Chemax', 'Yucatán'),
(1267, '97774', 'Xtejas', 'Chemax', 'Yucatán'),
(1268, '97775', 'Cocoyol', 'Chemax', 'Yucatán'),
(1269, '97775', 'Buenavista', 'Chemax', 'Yucatán'),
(1270, '97775', 'Santa Rita', 'Chemax', 'Yucatán'),
(1271, '97776', 'Sisbichén', 'Chemax', 'Yucatán'),
(1272, '97776', 'Pabalam', 'Chemax', 'Yucatán'),
(1273, '97776', 'Champolin', 'Chemax', 'Yucatán'),
(1274, '97777', 'Chachadzonot', 'Chemax', 'Yucatán'),
(1275, '97777', 'Lol-Bé', 'Chemax', 'Yucatán'),
(1276, '97777', 'Chuluntan', 'Chemax', 'Yucatán'),
(1277, '97777', 'Yaxche', 'Chemax', 'Yucatán'),
(1278, '97780', 'Valladolid Centro', 'Valladolid', 'Yucatán'),
(1279, '97782', 'San Isidro', 'Valladolid', 'Yucatán'),
(1280, '97782', 'Las Palmas', 'Valladolid', 'Yucatán'),
(1281, '97782', 'Orquídeas', 'Valladolid', 'Yucatán'),
(1282, '97782', 'Los Cipreses', 'Valladolid', 'Yucatán'),
(1283, '97782', 'Candelaria', 'Valladolid', 'Yucatán'),
(1284, '97782', 'Flor Campestre', 'Valladolid', 'Yucatán'),
(1285, '97782', 'Jardines Del Oriente', 'Valladolid', 'Yucatán'),
(1286, '97782', 'Lol-beh', 'Valladolid', 'Yucatán'),
(1287, '97782', 'Residencial Campestre', 'Valladolid', 'Yucatán'),
(1288, '97782', 'Santa Ana', 'Valladolid', 'Yucatán'),
(1289, '97782', 'Santa Lucia', 'Valladolid', 'Yucatán'),
(1290, '97782', 'Fernando Novelo', 'Valladolid', 'Yucatán'),
(1291, '97782', 'Santa Ana', 'Valladolid', 'Yucatán'),
(1292, '97782', 'Militar', 'Valladolid', 'Yucatán'),
(1293, '97782', 'Santa Cruz', 'Valladolid', 'Yucatán'),
(1294, '97783', 'Leonardo Rodríguez Alcaine', 'Valladolid', 'Yucatán'),
(1295, '97783', 'Militar', 'Valladolid', 'Yucatán'),
(1296, '97783', 'Oaxaqueña', 'Valladolid', 'Yucatán'),
(1297, '97783', 'San Juan', 'Valladolid', 'Yucatán'),
(1298, '97783', 'San Antonio', 'Valladolid', 'Yucatán'),
(1299, '97783', 'Sacyabil', 'Valladolid', 'Yucatán'),
(1300, '97783', 'Santana', 'Valladolid', 'Yucatán'),
(1301, '97783', 'San Francisco', 'Valladolid', 'Yucatán'),
(1302, '97783', 'San Vicente', 'Valladolid', 'Yucatán'),
(1303, '97784', 'Residencial del Bosque', 'Valladolid', 'Yucatán'),
(1304, '97784', 'Bacalar', 'Valladolid', 'Yucatán'),
(1305, '97784', 'Sisal', 'Valladolid', 'Yucatán'),
(1306, '97784', 'Xcorazon', 'Valladolid', 'Yucatán'),
(1307, '97784', 'Emiliano Zapata', 'Valladolid', 'Yucatán'),
(1308, '97784', 'Puesta Del Sol', 'Valladolid', 'Yucatán'),
(1309, '97784', 'Capules', 'Valladolid', 'Yucatán'),
(1310, '97784', 'Flamboyanes', 'Valladolid', 'Yucatán'),
(1311, '97784', 'Colonos', 'Valladolid', 'Yucatán'),
(1312, '97784', 'San Carlos', 'Valladolid', 'Yucatán'),
(1313, '97784', 'Cruz Verde', 'Valladolid', 'Yucatán'),
(1314, '97785', 'Kanxoc', 'Valladolid', 'Yucatán'),
(1315, '97785', 'Xocen', 'Valladolid', 'Yucatán'),
(1316, '97785', 'Batun', 'Valladolid', 'Yucatán'),
(1317, '97785', 'Kampepén', 'Valladolid', 'Yucatán'),
(1318, '97786', 'Sidra Kin', 'Valladolid', 'Yucatán'),
(1319, '97786', 'Timas', 'Valladolid', 'Yucatán'),
(1320, '97787', 'Santa Cruz', 'Valladolid', 'Yucatán'),
(1321, '97787', 'Xuilib', 'Valladolid', 'Yucatán'),
(1322, '97787', 'Nohsuytun', 'Valladolid', 'Yucatán'),
(1323, '97787', 'Yaxche', 'Valladolid', 'Yucatán'),
(1324, '97787', 'Chamul', 'Valladolid', 'Yucatán'),
(1325, '97790', 'La Guadalupana', 'Valladolid', 'Yucatán'),
(1326, '97790', 'Pixoy', 'Valladolid', 'Yucatán'),
(1327, '97790', 'Popola', 'Valladolid', 'Yucatán'),
(1328, '97793', 'Tesoco', 'Valladolid', 'Yucatán'),
(1329, '97793', 'Ticúch', 'Valladolid', 'Yucatán'),
(1330, '97793', 'Chan Yokdzonot', 'Valladolid', 'Yucatán'),
(1331, '97793', 'Tepakan', 'Valladolid', 'Yucatán'),
(1332, '97793', 'Tahmuy', 'Valladolid', 'Yucatán'),
(1333, '97793', 'Zodzilchén', 'Valladolid', 'Yucatán'),
(1334, '97793', 'Yunchen', 'Valladolid', 'Yucatán'),
(1335, '97794', 'Yalcoba', 'Valladolid', 'Yucatán'),
(1336, '97794', 'Chiople', 'Valladolid', 'Yucatán'),
(1337, '97794', 'San Andres Bac', 'Valladolid', 'Yucatán'),
(1338, '97795', 'Dzitnup', 'Valladolid', 'Yucatán'),
(1339, '97795', 'Yalcon', 'Valladolid', 'Yucatán'),
(1340, '97795', 'Ebtun', 'Valladolid', 'Yucatán'),
(1341, '97795', 'X-Kekén', 'Valladolid', 'Yucatán'),
(1342, '97795', 'Tixhualactún', 'Valladolid', 'Yucatán'),
(1343, '97796', 'Uayma', 'Uayma', 'Yucatán'),
(1344, '97798', 'Santa María', 'Uayma', 'Yucatán'),
(1345, '97799', 'San Lorenzo', 'Uayma', 'Yucatán'),
(1346, '97800', 'Maxcanu', 'Maxcanú', 'Yucatán'),
(1347, '97800', 'Guadalupe', 'Maxcanú', 'Yucatán'),
(1348, '97800', 'La Sirena', 'Maxcanú', 'Yucatán'),
(1349, '97803', 'Chan Chocholá (Santa Eduviges Chan Chocholá)', 'Maxcanú', 'Yucatán'),
(1350, '97803', 'Granada (Chican Granada)', 'Maxcanú', 'Yucatán'),
(1351, '97803', 'Santa Cruz', 'Maxcanú', 'Yucatán'),
(1352, '97803', 'Kanachén', 'Maxcanú', 'Yucatán'),
(1353, '97804', 'Kochol', 'Maxcanú', 'Yucatán'),
(1354, '97804', 'Santo Domingo', 'Maxcanú', 'Yucatán'),
(1355, '97804', 'San Fernando', 'Maxcanú', 'Yucatán'),
(1356, '97804', 'Santa Rosa', 'Maxcanú', 'Yucatán'),
(1357, '97804', 'Paraíso', 'Maxcanú', 'Yucatán'),
(1358, '97804', 'Coahuila (Santa Teresa Coahuila)', 'Maxcanú', 'Yucatán'),
(1359, '97804', 'X-Cacal', 'Maxcanú', 'Yucatán'),
(1360, '97804', 'Yaxcaba', 'Maxcanú', 'Yucatán'),
(1361, '97804', 'Lázaro Cárdenas', 'Maxcanú', 'Yucatán'),
(1362, '97805', 'Chunchucmil', 'Maxcanú', 'Yucatán'),
(1363, '97805', 'San Simón Sinkehuel', 'Maxcanú', 'Yucatán'),
(1364, '97806', 'San Rafael', 'Maxcanú', 'Yucatán'),
(1365, '97807', 'Chencoh', 'Maxcanú', 'Yucatán'),
(1366, '97810', 'Samahil', 'Samahil', 'Yucatán'),
(1367, '97810', 'Kuchel', 'Samahil', 'Yucatán'),
(1368, '97812', 'San Antonio Tedzidz', 'Samahil', 'Yucatán'),
(1369, '97813', 'Opichen', 'Opichén', 'Yucatán'),
(1370, '97814', 'Calcehtoc', 'Opichén', 'Yucatán'),
(1371, '97816', 'Chochola', 'Chocholá', 'Yucatán'),
(1372, '97816', 'San Antonio Chable', 'Chocholá', 'Yucatán'),
(1373, '97818', 'Kopomá', 'Kopomá', 'Yucatán'),
(1374, '97818', 'San Bernardo', 'Kopomá', 'Yucatán'),
(1375, '97820', 'Tecoh', 'Tecoh', 'Yucatán'),
(1376, '97822', 'Lepan', 'Tecoh', 'Yucatán'),
(1377, '97822', 'Oxtapacab', 'Tecoh', 'Yucatán'),
(1378, '97822', 'Itzincab', 'Tecoh', 'Yucatán'),
(1379, '97822', 'Sotuta de Peón', 'Tecoh', 'Yucatán'),
(1380, '97823', 'Chinkilá', 'Tecoh', 'Yucatán'),
(1381, '97823', 'Sabacché', 'Tecoh', 'Yucatán'),
(1382, '97823', 'Pixyah', 'Tecoh', 'Yucatán'),
(1383, '97824', 'Telchaquillo', 'Tecoh', 'Yucatán'),
(1384, '97824', 'Xcanchakan', 'Tecoh', 'Yucatán'),
(1385, '97824', 'Mayapan', 'Tecoh', 'Yucatán'),
(1386, '97824', 'Mahzucil', 'Tecoh', 'Yucatán'),
(1387, '97825', 'Abalá', 'Abalá', 'Yucatán'),
(1388, '97825', 'Mukuiche', 'Abalá', 'Yucatán'),
(1389, '97825', 'Uayalceh', 'Abalá', 'Yucatán'),
(1390, '97826', 'Sinhuchen', 'Abalá', 'Yucatán'),
(1391, '97826', 'Cacao', 'Abalá', 'Yucatán'),
(1392, '97826', 'Peba', 'Abalá', 'Yucatán'),
(1393, '97827', 'Temozon Sur', 'Abalá', 'Yucatán'),
(1394, '97830', 'Halacho', 'Halachó', 'Yucatán'),
(1395, '97830', 'San José', 'Halachó', 'Yucatán'),
(1396, '97835', 'Cepeda', 'Halachó', 'Yucatán'),
(1397, '97835', 'Cuch Holoch', 'Halachó', 'Yucatán'),
(1398, '97835', 'Siho', 'Halachó', 'Yucatán'),
(1399, '97835', 'Unidad Agrícola Guadalupe', 'Halachó', 'Yucatán'),
(1400, '97835', 'Concepción', 'Halachó', 'Yucatán'),
(1401, '97836', 'San Mateo', 'Halachó', 'Yucatán'),
(1402, '97836', 'Dzbzibachi', 'Halachó', 'Yucatán'),
(1403, '97836', 'Kankabchen', 'Halachó', 'Yucatán'),
(1404, '97837', 'Santa Maria Acu', 'Halachó', 'Yucatán'),
(1405, '97837', 'Santa Sofia', 'Halachó', 'Yucatán'),
(1406, '97840', 'Tepakán', 'Muna', 'Yucatán'),
(1407, '97840', 'Muna de Leopoldo Arana Cabrera', 'Muna', 'Yucatán'),
(1408, '97840', 'Benito Juárez', 'Muna', 'Yucatán'),
(1409, '97840', 'San Bernardo', 'Muna', 'Yucatán'),
(1410, '97840', 'San Mateo', 'Muna', 'Yucatán'),
(1411, '97840', 'San Sebastián', 'Muna', 'Yucatán'),
(1412, '97840', 'Víctor Cervera Pacheco', 'Muna', 'Yucatán'),
(1413, '97843', 'Choyob', 'Muna', 'Yucatán'),
(1414, '97843', 'Yaxha', 'Muna', 'Yucatán'),
(1415, '97844', 'San Jose Tipceh', 'Muna', 'Yucatán'),
(1416, '97844', 'U.F. Lázaro Cárdenas', 'Muna', 'Yucatán'),
(1417, '97845', 'Sacalum', 'Sacalum', 'Yucatán'),
(1418, '97847', 'San Antonio Sodzil', 'Sacalum', 'Yucatán'),
(1419, '97848', 'Yunku', 'Sacalum', 'Yucatán'),
(1420, '97850', 'Mani', 'Maní', 'Yucatán'),
(1421, '97851', 'Tipikal', 'Maní', 'Yucatán'),
(1422, '97854', 'Dzan', 'Dzan', 'Yucatán'),
(1423, '97857', 'Chapab', 'Chapab', 'Yucatán'),
(1424, '97858', 'Citincabchen', 'Chapab', 'Yucatán'),
(1425, '97858', 'Hunabchen', 'Chapab', 'Yucatán'),
(1426, '97858', 'San Cristóbal', 'Chapab', 'Yucatán'),
(1427, '97860', 'Ticul Centro', 'Ticul', 'Yucatán'),
(1428, '97862', 'De los Electricistas', 'Ticul', 'Yucatán'),
(1429, '97862', 'Deportivo Campestre', 'Ticul', 'Yucatán'),
(1430, '97862', 'Mejorada', 'Ticul', 'Yucatán'),
(1431, '97862', 'Guadalupe', 'Ticul', 'Yucatán'),
(1432, '97862', 'Obrera', 'Ticul', 'Yucatán'),
(1433, '97862', 'Campestre', 'Ticul', 'Yucatán'),
(1434, '97863', 'San Juan', 'Ticul', 'Yucatán'),
(1435, '97864', 'San Joaquín', 'Ticul', 'Yucatán'),
(1436, '97864', 'San Enrique', 'Ticul', 'Yucatán'),
(1437, '97864', 'Las Tinajas', 'Ticul', 'Yucatán'),
(1438, '97864', 'San Benito', 'Ticul', 'Yucatán'),
(1439, '97864', 'Santa Maria', 'Ticul', 'Yucatán'),
(1440, '97864', 'San Román', 'Ticul', 'Yucatán'),
(1441, '97864', 'Santiago', 'Ticul', 'Yucatán'),
(1442, '97870', 'Pustunich', 'Ticul', 'Yucatán'),
(1443, '97873', 'Yotholin', 'Ticul', 'Yucatán'),
(1444, '97880', 'Tutul Xiú', 'Oxkutzcab', 'Yucatán'),
(1445, '97880', 'Oxkutzcab', 'Oxkutzcab', 'Yucatán'),
(1446, '97882', 'San José Kunché', 'Oxkutzcab', 'Yucatán'),
(1447, '97883', 'Lol-Tún', 'Oxkutzcab', 'Yucatán'),
(1448, '97883', 'Yaaxhom', 'Oxkutzcab', 'Yucatán'),
(1449, '97883', 'Emiliano Zapata', 'Oxkutzcab', 'Yucatán'),
(1450, '97883', 'Xohuayan', 'Oxkutzcab', 'Yucatán'),
(1451, '97884', 'Nohcacab', 'Oxkutzcab', 'Yucatán'),
(1452, '97884', 'Xul', 'Oxkutzcab', 'Yucatán'),
(1453, '97884', 'Sacamucuy', 'Oxkutzcab', 'Yucatán'),
(1454, '97884', 'Xobenhaltun', 'Oxkutzcab', 'Yucatán'),
(1455, '97885', 'Sayil', 'Oxkutzcab', 'Yucatán'),
(1456, '97886', 'Yaxhacchen', 'Oxkutzcab', 'Yucatán'),
(1457, '97886', 'Kihuic', 'Oxkutzcab', 'Yucatán'),
(1458, '97887', 'Tabi', 'Oxkutzcab', 'Yucatán'),
(1459, '97887', 'Xlapak', 'Oxkutzcab', 'Yucatán'),
(1460, '97887', 'Labna', 'Oxkutzcab', 'Yucatán'),
(1461, '97890', 'Santa Elena', 'Santa Elena', 'Yucatán'),
(1462, '97890', 'San Agustín', 'Santa Elena', 'Yucatán'),
(1463, '97894', 'Kabah', 'Santa Elena', 'Yucatán'),
(1464, '97895', 'San Simón', 'Santa Elena', 'Yucatán'),
(1465, '97899', 'Hotel Villas Arqueológicas', 'Santa Elena', 'Yucatán'),
(1466, '97899', 'Hotel Hacienda Uxmal', 'Santa Elena', 'Yucatán'),
(1467, '97900', 'Mama', 'Mama', 'Yucatán'),
(1468, '97904', 'Chumayel', 'Chumayel', 'Yucatán'),
(1469, '97908', 'Mayapan', 'Mayapán', 'Yucatán'),
(1470, '97910', 'Teabo', 'Teabo', 'Yucatán'),
(1471, '97915', 'Cantamayec', 'Cantamayec', 'Yucatán'),
(1472, '97917', 'Nenela', 'Cantamayec', 'Yucatán'),
(1473, '97918', 'Cholul', 'Cantamayec', 'Yucatán'),
(1474, '97920', 'Yaxcaba', 'Yaxcabá', 'Yucatán'),
(1475, '97922', 'Yokdzonot', 'Yaxcabá', 'Yucatán'),
(1476, '97922', 'Mexil', 'Yaxcabá', 'Yucatán'),
(1477, '97923', 'Libre Unión', 'Yaxcabá', 'Yucatán'),
(1478, '97923', 'Cenote Xtohil', 'Yaxcabá', 'Yucatán'),
(1479, '97924', 'Cenote Aban', 'Yaxcabá', 'Yucatán'),
(1480, '97924', 'San Marcos', 'Yaxcabá', 'Yucatán'),
(1481, '97924', 'Popola', 'Yaxcabá', 'Yucatán'),
(1482, '97924', 'Chimay', 'Yaxcabá', 'Yucatán'),
(1483, '97924', 'Yaxunah', 'Yaxcabá', 'Yucatán'),
(1484, '97924', 'Z.A. Yaxuna', 'Yaxcabá', 'Yucatán'),
(1485, '97925', 'Tiholop', 'Yaxcabá', 'Yucatán'),
(1486, '97925', 'Santa Maria', 'Yaxcabá', 'Yucatán'),
(1487, '97925', 'Kancabdzonot', 'Yaxcabá', 'Yucatán'),
(1488, '97925', 'Yokdzonot-Hú', 'Yaxcabá', 'Yucatán'),
(1489, '97925', 'Huechen Balam', 'Yaxcabá', 'Yucatán'),
(1490, '97925', 'San Pedro', 'Yaxcabá', 'Yucatán'),
(1491, '97925', 'Sahcabá', 'Yaxcabá', 'Yucatán'),
(1492, '97926', 'Cacalchen', 'Yaxcabá', 'Yucatán'),
(1493, '97926', 'Canakom', 'Yaxcabá', 'Yucatán'),
(1494, '97927', 'Tahdzibichen', 'Yaxcabá', 'Yucatán'),
(1495, '97927', 'Tixcacaltuyub', 'Yaxcabá', 'Yucatán'),
(1496, '97929', 'Tinuncah', 'Yaxcabá', 'Yucatán'),
(1497, '97929', 'Cipché', 'Yaxcabá', 'Yucatán'),
(1498, '97930', 'Peto Centro', 'Peto', 'Yucatán'),
(1499, '97930', 'Benito Juárez', 'Peto', 'Yucatán'),
(1500, '97930', 'Francisco I Madero', 'Peto', 'Yucatán'),
(1501, '97930', 'Francisco Sarabia', 'Peto', 'Yucatán'),
(1502, '97930', 'Miraflores', 'Peto', 'Yucatán'),
(1503, '97930', 'Morelos y Fátima', 'Peto', 'Yucatán'),
(1504, '97930', '3 Cruces', 'Peto', 'Yucatán'),
(1505, '97930', 'Trinidad', 'Peto', 'Yucatán'),
(1506, '97930', 'Felipe Carrillo Puerto', 'Peto', 'Yucatán'),
(1507, '97930', 'Jacinto Kanek', 'Peto', 'Yucatán'),
(1508, '97930', 'Ciprés', 'Peto', 'Yucatán'),
(1509, '97932', 'Xoy', 'Peto', 'Yucatán'),
(1510, '97933', 'Progresito', 'Peto', 'Yucatán'),
(1511, '97933', 'Tixhualactun', 'Peto', 'Yucatán'),
(1512, '97933', 'San Gregorio', 'Peto', 'Yucatán'),
(1513, '97933', 'Temozon', 'Peto', 'Yucatán'),
(1514, '97933', 'San Pedro', 'Peto', 'Yucatán'),
(1515, '97934', 'Guadalupe', 'Peto', 'Yucatán'),
(1516, '97934', 'San Diego', 'Peto', 'Yucatán'),
(1517, '97934', 'Xcabanchen', 'Peto', 'Yucatán'),
(1518, '97934', 'San Nicolás Yoactún', 'Peto', 'Yucatán'),
(1519, '97934', 'San Bernabe', 'Peto', 'Yucatán'),
(1520, '97935', 'Papacal', 'Peto', 'Yucatán'),
(1521, '97935', 'Santa Elena', 'Peto', 'Yucatán'),
(1522, '97935', 'San Francisco', 'Peto', 'Yucatán'),
(1523, '97935', 'Dzonotchel', 'Peto', 'Yucatán'),
(1524, '97935', 'Chan Calotmul', 'Peto', 'Yucatán'),
(1525, '97935', 'San Mateo', 'Peto', 'Yucatán'),
(1526, '97935', 'Santa Cruz', 'Peto', 'Yucatán'),
(1527, '97936', 'Polinkin', 'Peto', 'Yucatán'),
(1528, '97936', 'La Esperanza', 'Peto', 'Yucatán'),
(1529, '97936', 'Kambul', 'Peto', 'Yucatán'),
(1530, '97936', 'Abal', 'Peto', 'Yucatán'),
(1531, '97936', 'San Sebastián', 'Peto', 'Yucatán'),
(1532, '97936', 'San Dionisio', 'Peto', 'Yucatán'),
(1533, '97936', 'Petulillo', 'Peto', 'Yucatán'),
(1534, '97937', 'Tobxila', 'Peto', 'Yucatán'),
(1535, '97937', 'San Miguel', 'Peto', 'Yucatán'),
(1536, '97937', 'Uitzina', 'Peto', 'Yucatán'),
(1537, '97937', 'Trapiche', 'Peto', 'Yucatán'),
(1538, '97937', 'San Salvador', 'Peto', 'Yucatán'),
(1539, '97937', 'Santa Rosa', 'Peto', 'Yucatán'),
(1540, '97937', 'Justicia Social', 'Peto', 'Yucatán'),
(1541, '97937', 'Santa Ursula', 'Peto', 'Yucatán'),
(1542, '97937', 'Xpechil', 'Peto', 'Yucatán'),
(1543, '97937', 'Candelaria (San Pedro)', 'Peto', 'Yucatán'),
(1544, '97937', 'Macmay', 'Peto', 'Yucatán'),
(1545, '97937', 'Yaxcopil', 'Peto', 'Yucatán'),
(1546, '97940', 'Chikindzonot', 'Chikindzonot', 'Yucatán'),
(1547, '97943', 'Chan Santa María', 'Chikindzonot', 'Yucatán'),
(1548, '97943', 'Chanchimila', 'Chikindzonot', 'Yucatán'),
(1549, '97943', 'X-Poxil', 'Chikindzonot', 'Yucatán'),
(1550, '97943', 'Xcampana', 'Chikindzonot', 'Yucatán'),
(1551, '97944', 'Ichmul', 'Chikindzonot', 'Yucatán'),
(1552, '97945', 'Tahdziu', 'Tahdziú', 'Yucatán'),
(1553, '97947', 'Timul', 'Tahdziú', 'Yucatán'),
(1554, '97948', 'San Ignacio', 'Tahdziú', 'Yucatán'),
(1555, '97948', 'Mocté', 'Tahdziú', 'Yucatán'),
(1556, '97950', 'Tixmehuac', 'Tixméhuac', 'Yucatán'),
(1557, '97953', 'Chuchub', 'Tixméhuac', 'Yucatán'),
(1558, '97953', 'Chican', 'Tixméhuac', 'Yucatán'),
(1559, '97953', 'Sabacche', 'Tixméhuac', 'Yucatán'),
(1560, '97953', 'Sisbic', 'Tixméhuac', 'Yucatán'),
(1561, '97953', 'Kimbila', 'Tixméhuac', 'Yucatán'),
(1562, '97953', 'Dzutoh', 'Tixméhuac', 'Yucatán'),
(1563, '97954', 'Sacchacan', 'Tixméhuac', 'Yucatán'),
(1564, '97955', 'Chacsinkin', 'Chacsinkín', 'Yucatán'),
(1565, '97956', 'Xno-Huayab', 'Chacsinkín', 'Yucatán'),
(1566, '97957', 'Xbox', 'Chacsinkín', 'Yucatán'),
(1567, '97960', 'Tzucacab Centro', 'Tzucacab', 'Yucatán'),
(1568, '97963', 'Ekbalam', 'Tzucacab', 'Yucatán'),
(1569, '97963', 'Dzi', 'Tzucacab', 'Yucatán'),
(1570, '97963', 'Kakalnah', 'Tzucacab', 'Yucatán'),
(1571, '97963', 'Solidaridad', 'Tzucacab', 'Yucatán'),
(1572, '97964', 'Bichcopo', 'Tzucacab', 'Yucatán'),
(1573, '97964', 'Hobonil', 'Tzucacab', 'Yucatán'),
(1574, '97964', 'Sacbecan', 'Tzucacab', 'Yucatán'),
(1575, '97964', 'Noh-bec', 'Tzucacab', 'Yucatán'),
(1576, '97964', 'Polhuaczil', 'Tzucacab', 'Yucatán'),
(1577, '97965', 'Corral', 'Tzucacab', 'Yucatán'),
(1578, '97965', 'Blanca Flor', 'Tzucacab', 'Yucatán'),
(1579, '97965', 'El Escondido', 'Tzucacab', 'Yucatán'),
(1580, '97965', 'Tigre Grande', 'Tzucacab', 'Yucatán'),
(1581, '97966', 'La Esperanza', 'Tzucacab', 'Yucatán'),
(1582, '97966', 'San Isidro', 'Tzucacab', 'Yucatán'),
(1583, '97966', 'San Salvador Piste Akal', 'Tzucacab', 'Yucatán'),
(1584, '97967', 'Caxaytuk', 'Tzucacab', 'Yucatán'),
(1585, '97967', 'Thul', 'Tzucacab', 'Yucatán'),
(1586, '97967', 'Lázaro Cárdenas', 'Tzucacab', 'Yucatán'),
(1587, '97967', 'Emiliano Zapata', 'Tzucacab', 'Yucatán'),
(1588, '97969', 'Catmís', 'Tzucacab', 'Yucatán'),
(1589, '97970', 'Los Cedros', 'Tekax', 'Yucatán'),
(1590, '97970', 'Villas Santa María', 'Tekax', 'Yucatán'),
(1591, '97970', 'San Francisco', 'Tekax', 'Yucatán'),
(1592, '97970', 'Villa Flores', 'Tekax', 'Yucatán'),
(1593, '97970', 'Paraíso Tekax', 'Tekax', 'Yucatán'),
(1594, '97970', 'Lázaro Cárdenas', 'Tekax', 'Yucatán'),
(1595, '97970', 'Tekax de Álvaro Obregón', 'Tekax', 'Yucatán'),
(1596, '97970', 'Benito Juárez', 'Tekax', 'Yucatán'),
(1597, '97970', 'Francisco I Madero', 'Tekax', 'Yucatán'),
(1598, '97970', 'Padre Eterno', 'Tekax', 'Yucatán'),
(1599, '97970', 'Yocchenkax', 'Tekax', 'Yucatán'),
(1600, '97970', 'Chunchucun', 'Tekax', 'Yucatán'),
(1601, '97970', 'Chobenche', 'Tekax', 'Yucatán'),
(1602, '97970', 'San Ignacio', 'Tekax', 'Yucatán'),
(1603, '97970', 'Ermita', 'Tekax', 'Yucatán'),
(1604, '97970', 'Fovissste (Módulo Social)', 'Tekax', 'Yucatán'),
(1605, '97970', 'Unidad Antigua', 'Tekax', 'Yucatán'),
(1606, '97973', 'Kinil', 'Tekax', 'Yucatán'),
(1607, '97973', 'Xaya', 'Tekax', 'Yucatán'),
(1608, '97973', 'Penkuyut', 'Tekax', 'Yucatán'),
(1609, '97973', 'Tixcuytun', 'Tekax', 'Yucatán'),
(1610, '97974', 'Ticum', 'Tekax', 'Yucatán'),
(1611, '97975', 'Kantemo', 'Tekax', 'Yucatán'),
(1612, '97975', 'San Marcos', 'Tekax', 'Yucatán'),
(1613, '97977', 'Kancab', 'Tekax', 'Yucatán'),
(1614, '97977', 'Canek', 'Tekax', 'Yucatán'),
(1615, '97977', 'Chacmultun', 'Tekax', 'Yucatán'),
(1616, '97979', 'Manuel Cepeda Peraza', 'Tekax', 'Yucatán'),
(1617, '97979', 'Alfonso Caso', 'Tekax', 'Yucatán'),
(1618, '97980', 'Benito Juárez', 'Tekax', 'Yucatán'),
(1619, '97980', 'San Agustín (Salvador Alvarado)', 'Tekax', 'Yucatán'),
(1620, '97980', 'San Pedro Zula', 'Tekax', 'Yucatán'),
(1621, '97980', 'San Martín Hili', 'Tekax', 'Yucatán'),
(1622, '97983', 'Chan Dzinup', 'Tekax', 'Yucatán'),
(1623, '97983', 'Huntochac', 'Tekax', 'Yucatán'),
(1624, '97983', 'Nuevo Popolá', 'Tekax', 'Yucatán'),
(1625, '97983', 'Pocoboh', 'Tekax', 'Yucatán'),
(1626, '97983', 'San Isidro Yaxche', 'Tekax', 'Yucatán'),
(1627, '97983', 'San Salvador', 'Tekax', 'Yucatán'),
(1628, '97983', 'Nueva Santa Cruz (Santa Cruz Cutzá)', 'Tekax', 'Yucatán'),
(1629, '97983', 'Mac-Yan (San Isidro Mac-Yan)', 'Tekax', 'Yucatán'),
(1630, '97984', 'Sacpukenhá', 'Tekax', 'Yucatán'),
(1631, '97984', 'Becanchen', 'Tekax', 'Yucatán'),
(1632, '97984', 'San Gaspar', 'Tekax', 'Yucatán'),
(1633, '97984', 'San Diego Buenavista', 'Tekax', 'Yucatán'),
(1634, '97985', 'Nohalal', 'Tekax', 'Yucatán'),
(1635, '97986', 'Ayim', 'Tekax', 'Yucatán'),
(1636, '97987', 'San Felipe Segundo', 'Tekax', 'Yucatán'),
(1637, '97987', 'Mesatunich', 'Tekax', 'Yucatán'),
(1638, '97987', 'San Rufino', 'Tekax', 'Yucatán'),
(1639, '97987', 'San Pedro Xtokil', 'Tekax', 'Yucatán'),
(1640, '97987', 'San Juan Tekax', 'Tekax', 'Yucatán'),
(1641, '97989', 'Sudzal Chico', 'Tekax', 'Yucatán'),
(1642, '97990', 'Akil Centro', 'Akil', 'Yucatán');

SET IDENTITY_INSERT postalcodes OFF;

TRUNCATE TABLE salaries;
SET IDENTITY_INSERT salaries ON ;
INSERT INTO salaries (id, user_id, status, blocked, type, start_date, end_date, paid_date, total, created_at, updated_at) VALUES
(1, 3, 'Pagado', 1, 'Nomina', '2025-02-03', '2025-03-09', '2025-02-08', 50, '2025-02-07 17:27:46', '2025-03-04 17:27:46'),
(2, 3, 'Pagado', 1, 'Nomina', '2025-02-10', '2025-03-16', '2025-02-15', 50, '2025-02-15 17:28:33', '2025-03-04 17:28:33'),
(3, 3, 'Pagado', 1, 'Nomina', '2025-02-17', '2025-02-23', '2025-02-22', 50, '2025-02-21 17:29:22', '2025-03-04 17:29:22'),
(4, 3, 'Pagado', 1, 'Nomina', '2025-02-24', '2025-03-02', '2025-03-01', 50, '2025-02-27 17:30:50', '2025-03-04 17:30:50'),
(5, 3, 'Pagado', 1, 'Nomina', '2025-03-03', '2025-03-09', '2025-03-08', 3000, '2025-03-07 18:41:32', '2025-03-07 18:41:32'),
(6, 3, 'Pagado', 1, 'Nomina', '2025-03-10', '2025-03-16', '2025-03-15', 3000, '2025-03-14 19:39:22', '2025-03-14 19:39:22'),
(7, 3, 'Pagado', 1, 'Nomina', '2025-03-17', '2025-03-23', '2025-03-22', 3000, '2025-03-21 17:03:14', '2025-03-21 17:03:14'),
(8, 3, 'Pagado', 1, 'Nomina', '2025-03-24', '2025-03-30', '2025-03-29 11:11:17', 3000, '2025-03-28 18:07:25', '2025-03-29 17:11:17'),
(9, 3, 'Pagado', 1, 'Otras percepciones', '2025-03-01', '2025-03-31', '2025-04-01 15:14:06', 200, '2025-04-01 21:13:48', '2025-04-01 21:14:06'),
(10, 3, 'Pagado', 1, 'Nomina', '2025-03-31', '2025-04-06', '2025-04-05 10:11:50', 3000, '2025-04-07 16:11:45', '2025-04-07 16:11:50'),
(11, 3, 'Pagado', 1, 'Nomina', '2025-04-07', '2025-04-13', '2025-04-12 11:33:00', 3000, '2025-04-15 17:32:56', '2025-04-15 17:33:00'),
(12, 3, 'Pagado', 1, 'Nomina', '2025-04-14', '2025-04-20', '2025-04-19 08:58:14', 3000, '2025-04-19 14:58:09', '2025-04-19 14:58:14'),
(13, 3, 'Pagado', 1, 'Nomina', '2025-04-21', '2025-04-27', '2025-04-26 15:55:07', 3000, '2025-04-30 21:55:02', '2025-04-30 21:55:07'),
(14, 3, 'Pagado', 1, 'Otras percepciones', '2025-04-01', '2025-04-30', '2025-04-30 23:14:25', 200, '2025-05-01 05:14:18', '2025-05-01 05:14:25'),
(15, 2, 'Pagado', 1, 'Nomina', '2025-04-01', '2025-04-30', '2025-04-30 23:26:42', 7765, '2025-05-01 05:26:38', '2025-05-01 05:26:42'),
(16, 3, 'Pagado', 1, 'Nomina', '2025-04-28', '2025-05-04', '2025-05-04 11:54:29', 3000, '2025-05-11 17:54:26', '2025-05-11 17:54:29'),
(17, 3, 'Pagado', 1, 'Nomina', '2025-05-05', '2025-05-11', '2025-05-11 11:55:43', 3000, '2025-05-11 17:55:40', '2025-05-11 17:55:43'),
(18, 3, 'Pagado', 1, 'Nomina', '2025-05-12', '2025-05-18', '2025-05-19 10:20:09', 3000, '2025-05-19 16:20:05', '2025-05-19 16:20:09'),
(19, 3, 'Pagado', 1, 'Nomina', '2025-05-19', '2025-05-25', '2025-05-27 10:05:23', 3000, '2025-05-27 16:05:20', '2025-05-27 16:05:23'),
(20, 3, 'Pagado', 1, 'Nomina', '2025-05-26', '2025-05-31', '2025-05-31 01:09:03', 3000, '2025-05-31 07:08:59', '2025-05-31 07:09:03'),
(21, 3, 'Pagado', 1, 'Otras percepciones', '2025-05-01', '2025-05-31', '2025-05-31 01:14:25', 250, '2025-05-31 07:14:22', '2025-05-31 07:14:25'),
(22, 3, 'Pagado', 1, 'Nomina', '2025-06-02', '2025-06-07', '2025-06-09 09:12:07', 3000, '2025-06-09 15:12:02', '2025-06-09 15:12:07'),
(23, 3, 'Pagado', 1, 'Nomina', '2025-06-09', '2025-06-14', '2025-06-16 11:47:23', 3000, '2025-06-16 17:47:19', '2025-06-16 17:47:23'),
(24, 3, 'Pagado', 1, 'Nomina', '2025-06-09', '2025-06-14', '2025-06-16 11:48:19', 1500, '2025-06-16 17:48:14', '2025-06-16 17:48:19'),
(25, 3, 'Pagado', 1, 'Nomina', '2025-06-16', '2025-06-21', '2025-06-30 10:19:19', 3000, '2025-06-20 21:16:43', '2025-06-30 16:19:19'),
(26, 3, 'Pagado', 1, 'Nomina', '2025-06-23', '2025-06-28', '2025-06-30 10:20:09', 3000, '2025-06-30 16:20:06', '2025-06-30 16:20:09'),
(27, 3, 'Pagado', 1, 'Otras percepciones', '2025-06-01', '2025-06-30', '2025-06-30 20:06:57', 200, '2025-07-01 02:06:44', '2025-07-01 02:06:57'),
(28, 2, 'Pagado', 1, 'Nomina', '2025-06-01', '2025-06-30', '2025-06-30 20:29:44', 1000, '2025-07-01 02:15:27', '2025-07-01 02:29:44'),
(29, 1, 'Pagado', 1, 'Nomina', '2025-06-01', '2025-06-30', '2025-06-30 20:57:34', 1000, '2025-07-01 02:16:06', '2025-07-01 02:57:34'),
(30, 1, 'Pagado', 1, 'Otras percepciones', '2025-06-23', '2025-06-28', '2025-06-30 20:16:57', 500, '2025-07-01 02:16:53', '2025-07-01 02:16:57'),
(31, 3, 'Pagado', 1, 'Nomina', '2025-06-30', '2025-07-05', '2025-07-07 13:03:44', 3000, '2025-07-07 19:03:41', '2025-07-07 19:03:44'),
(32, 3, 'Pagado', 1, 'Nomina', '2025-07-07', '2025-07-12', '2025-07-12 10:25:08', 3000, '2025-07-12 16:25:02', '2025-07-12 16:25:08'),
(33, 3, 'Pagado', 1, 'Nomina', '2025-07-14', '2025-07-19', '2025-07-21 07:19:41', 3000, '2025-07-19 00:38:27', '2025-07-21 13:19:41'),
(34, 3, 'Pagado', 1, 'Nomina', '2025-07-21', '2025-07-26', '2025-07-28 11:10:10', 3000, '2025-07-28 17:10:06', '2025-07-28 17:10:10'),
(36, 3, 'Pagado', 1, 'Otras percepciones', '2025-07-01', '2025-07-31', '2025-07-31 20:35:19', 200, '2025-08-01 02:35:02', '2025-08-01 02:35:19'),
(38, 1, 'Pagado', 1, 'Otras percepciones', '2025-07-01', '2025-07-26', '2025-07-31 20:37:08', 2000, '2025-08-01 02:37:03', '2025-08-01 02:37:08'),
(39, 2, 'Pagado', 1, 'Nomina', '2025-07-01', '2025-07-31', '2025-07-31 20:48:50', 1000, '2025-08-01 02:48:45', '2025-08-01 02:48:50'),
(40, 1, 'Pagado', 1, 'Nomina', '2025-07-01', '2025-07-31', '2025-07-31 20:49:25', 1000, '2025-08-01 02:49:21', '2025-08-01 02:49:25'),
(41, 3, 'Pagado', 1, 'Otras percepciones', '2025-02-01', '2025-02-28', '2025-02-28 19:45:58', 200, '2025-03-01 01:45:52', '2025-03-01 01:45:52'),
(42, 3, 'Pagado', 0, 'Nomina', '2025-07-28', '2025-08-03', '2025-08-03 12:25:56', 3000, '2025-08-03 18:25:51', '2025-08-03 18:25:56'),
(43, 3, 'Pagado', 0, 'Nomina', '2025-08-04', '2025-08-10', '2025-08-11 17:49:34', 3000, '2025-08-11 23:49:29', '2025-08-11 23:49:34'),
(44, 3, 'Pagado', 0, 'Nomina', '2025-08-11', '2025-08-17', '2025-08-16 13:51:36', 3000, '2025-08-16 19:51:26', '2025-08-16 19:51:36'),
(45, 3, 'Pagado', 0, 'Nomina', '2025-08-18', '2025-08-24', '2025-08-24 13:41:55', 3000, '2025-08-24 19:41:34', '2025-08-24 19:41:55'),
(46, 3, 'Pagado', 0, 'Nomina', '2025-08-25', '2025-08-31', '2025-08-29 19:10:39', 3000, '2025-08-30 01:09:14', '2025-08-30 01:10:39'),
(47, 3, 'Pagado', 0, 'Otras percepciones', '2025-08-01', '2025-08-31', '2025-08-29 19:10:44', 250, '2025-08-30 01:10:34', '2025-08-30 01:10:44'),
(48, 1, 'Pagado', 0, 'Otras percepciones', '2025-08-01', '2025-08-31', '2025-08-29 19:11:41', 2500, '2025-08-30 01:11:39', '2025-08-30 01:11:41'),
(49, 2, 'Pagado', 0, 'Nomina', '2025-08-01', '2025-08-31', '2025-08-29 19:20:16', 1000, '2025-08-30 01:19:39', '2025-08-30 01:20:16'),
(50, 1, 'Pagado', 0, 'Nomina', '2025-08-01', '2025-08-31', '2025-08-29 19:20:21', 1000, '2025-08-30 01:20:11', '2025-08-30 01:20:21'),
(51, 3, 'Pagado', 0, 'Nomina', '2025-09-01', '2025-09-07', '2025-09-08 09:41:19', 3000, '2025-09-08 15:41:14', '2025-09-08 15:41:19'),
(52, 1, 'Pagado', 0, 'Otras percepciones', '2025-09-01', '2025-09-07', '2025-09-08 09:41:58', 500, '2025-09-08 15:41:54', '2025-09-08 15:41:58'),
(53, 3, 'Pagado', 0, 'Nomina', '2025-09-08', '2025-09-14', '2025-09-15 10:10:29', 3000, '2025-09-15 16:09:20', '2025-09-15 16:10:29'),
(54, 1, 'Pagado', 0, 'Otras percepciones', '2025-09-08', '2025-09-14', '2025-09-15 10:11:13', 500, '2025-09-15 16:11:09', '2025-09-15 16:11:13'),
(55, 3, 'Pagado', 0, 'Nomina', '2025-09-15', '2025-09-21', '2025-09-20 16:21:57', 3000, '2025-09-20 22:21:49', '2025-09-20 22:21:57'),
(56, 3, 'Pagado', 0, 'Nomina', '2025-09-22', '2025-09-28', '2025-09-27 19:54:05', 3000, '2025-09-28 01:53:57', '2025-09-28 01:54:05'),
(57, 1, 'Pagado', 0, 'Otras percepciones', '2025-09-15', '2025-09-28', '2025-09-28 08:12:25', 1000, '2025-09-28 14:12:16', '2025-09-28 14:12:25'),
(58, 3, 'Pagado', 0, 'Nomina', '2025-09-01', '2025-09-30', '2025-09-29 18:54:44', 200, '2025-09-30 00:54:41', '2025-09-30 00:54:44'),
(59, 1, 'Pagado', 0, 'Otras percepciones', '2025-09-01', '2025-09-30', '2025-09-29 19:05:44', 3802, '2025-09-30 01:05:40', '2025-09-30 01:05:44'),
(60, 3, 'Pagado', 0, 'Nomina', '2025-09-29', '2025-10-05', '2025-10-05 14:42:51', 3000, '2025-10-05 20:42:18', '2025-10-05 20:42:51'),
(61, 1, 'Pagado', 0, 'Otras percepciones', '2025-09-29', '2025-10-05', '2025-10-05 14:42:59', 500, '2025-10-05 20:42:47', '2025-10-05 20:42:59'),
(62, 3, 'Pagado', 0, 'Nomina', '2025-10-06', '2025-10-12', '2025-10-12 08:35:28', 3000, '2025-10-12 14:35:24', '2025-10-12 14:35:28'),
(63, 1, 'Pagado', 0, 'Otras percepciones', '2025-10-06', '2025-10-12', '2025-10-13 10:56:04', 500, '2025-10-13 16:56:01', '2025-10-13 16:56:04'),
(64, 3, 'Pagado', 0, 'Nomina', '2025-10-13', '2025-10-19', '2025-10-18 12:48:55', 3000, '2025-10-18 18:48:51', '2025-10-18 18:48:55'),
(65, 1, 'Pagado', 0, 'Otras percepciones', '2025-10-13', '2025-10-19', '2025-10-20 09:39:02', 500, '2025-10-20 15:38:58', '2025-10-20 15:39:02'),
(66, 3, 'Pagado', 0, 'Nomina', '2025-10-20', '2025-10-26', '2025-10-25 13:02:30', 3000, '2025-10-24 22:33:15', '2025-10-25 19:02:30'),
(67, 1, 'Pagado', 0, 'Otras percepciones', '2025-10-20', '2025-10-26', '2025-10-26 15:30:23', 500, '2025-10-26 21:30:20', '2025-10-26 21:30:23'),
(68, 3, 'Pagado', 0, 'Nomina', '2025-10-27', '2025-11-02', '2025-11-01 03:34:55', 3000, '2025-11-01 09:34:51', '2025-11-01 09:34:55'),
(69, 1, 'Pagado', 0, 'Otras percepciones', '2025-10-27', '2025-11-02', '2025-11-01 03:35:40', 500, '2025-11-01 09:35:37', '2025-11-01 09:35:40'),
(70, 3, 'Pagado', 0, 'Nomina', '2025-10-27', '2025-11-02', '2025-11-01 03:37:08', 250, '2025-11-01 09:37:05', '2025-11-01 09:37:08'),
(71, 2, 'Pagado', 0, 'Nomina', '2025-10-27', '2025-11-02', '2025-11-01 03:41:12', 1500, '2025-11-01 09:40:48', '2025-11-01 09:41:12'),
(72, 1, 'Pagado', 0, 'Nomina', '2025-10-27', '2025-11-02', '2025-11-01 03:41:16', 1500, '2025-11-01 09:41:09', '2025-11-01 09:41:16'),
(73, 3, 'Pagado', 0, 'Nomina', '2025-11-03', '2025-11-09', '2025-11-09 14:50:12', 3000, '2025-11-09 20:50:07', '2025-11-09 20:50:12'),
(74, 1, 'Pagado', 0, 'Otras percepciones', '2025-11-10', '2025-11-16', '2025-11-12 15:54:58', 500, '2025-11-12 21:54:54', '2025-11-12 21:54:58'),
(75, 3, 'Pagado', 0, 'Nomina', '2025-11-10', '2025-11-16', '2025-11-18 13:09:04', 3000, '2025-11-18 19:09:00', '2025-11-18 19:09:04'),
(76, 1, 'Pagado', 0, 'Otras percepciones', '2025-11-10', '2025-11-16', '2025-11-18 13:10:19', 500, '2025-11-18 19:10:15', '2025-11-18 19:10:19'),
(77, 3, 'Pagado', 0, 'Nomina', '2025-11-17', '2025-11-23', '2025-11-22 14:43:58', 3000, '2025-11-22 20:43:55', '2025-11-22 20:43:58'),
(78, 1, 'Pagado', 0, 'Otras percepciones', '2025-11-17', '2025-11-23', '2025-11-22 21:07:23', 500, '2025-11-23 03:07:19', '2025-11-23 03:07:23'),
(79, 3, 'Pagado', 0, 'Nomina', '2025-11-24', '2025-11-30', '2025-11-28 20:32:39', 3000, '2025-11-29 02:32:36', '2025-11-29 02:32:39'),
(80, 1, 'Pagado', 0, 'Otras percepciones', '2025-11-24', '2025-11-30', '2025-11-28 20:33:18', 500, '2025-11-29 02:33:14', '2025-11-29 02:33:18'),
(81, 3, 'Pagado', 0, 'Nomina', '2025-11-24', '2025-11-30', '2025-11-28 20:34:51', 200, '2025-11-29 02:34:46', '2025-11-29 02:34:51'),
(82, 3, 'Pagado', 0, 'Nomina', '2025-12-01', '2025-12-07', '2025-12-06 12:11:36', 3000, '2025-12-06 18:11:28', '2025-12-06 18:11:36'),
(83, 1, 'Pagado', 0, 'Otras percepciones', '2025-12-01', '2025-12-07', '2025-12-07 14:51:52', 500, '2025-12-07 20:51:37', '2025-12-07 20:51:52'),
(84, 3, 'Pagado', 0, 'Nomina', '2025-12-08', '2025-12-14', '2025-12-13 14:05:30', 3000, '2025-12-13 16:18:38', '2025-12-13 20:05:30'),
(85, 1, 'Pagado', 0, 'Otras percepciones', '2025-12-08', '2025-12-14', '2025-12-14 08:11:46', 500, '2025-12-13 16:19:08', '2025-12-14 14:11:46'),
(86, 3, 'Pagado', 0, 'Nomina', '2025-12-15', '2025-12-21', '2025-12-20 10:57:11', 3000, '2025-12-20 00:53:52', '2025-12-20 16:57:11'),
(87, 3, 'Pagado', 0, 'Aguinaldo', '2025-12-15', '2025-12-21', '2025-12-20 10:57:16', 6000, '2025-12-20 00:57:17', '2025-12-20 16:57:16'),
(88, 1, 'Pagado', 0, 'Otras percepciones', '2025-12-15', '2025-12-21', '2025-12-21 08:50:20', 500, '2025-12-21 14:50:14', '2025-12-21 14:50:20'),
(89, 3, 'Pagado', 0, 'Nomina', '2025-12-22', '2025-12-28', '2025-12-27 22:18:09', 3000, '2025-12-28 04:18:05', '2025-12-28 04:18:09'),
(90, 1, 'Pagado', 0, 'Otras percepciones', '2025-12-22', '2025-12-28', '2025-12-28 13:16:03', 500, '2025-12-28 19:15:59', '2025-12-28 19:16:03'),
(91, 3, 'Pagado', 0, 'Nomina', '2025-12-29', '2026-01-04', '2025-12-31 11:55:47', 200, '2025-12-31 17:55:42', '2025-12-31 17:55:47'),
(92, 3, 'Pagado', 0, 'Nomina', '2025-12-29', '2026-01-04', '2026-01-04 08:15:49', 3000, '2026-01-04 14:15:45', '2026-01-04 14:15:49'),
(93, 3, 'Pagado', 0, 'Nomina', '2026-01-05', '2026-01-11', '2026-01-10 14:38:37', 3000, '2026-01-10 20:38:32', '2026-01-10 20:38:37');

SET IDENTITY_INSERT salaries OFF;

TRUNCATE TABLE salaries_details;
SET IDENTITY_INSERT salaries_details ON ;
INSERT INTO salaries_details (id, salary_id, concept, number, amount) VALUES
(1, 1, 'Caja de ahorro', '', 50),
(2, 2, 'Caja de ahorro', '', 50),
(3, 3, 'Caja de ahorro', '', 50),
(4, 4, 'Caja de ahorro', '', 50),
(5, 5, 'Salario', '', 2950),
(6, 5, 'Caja de ahorro', '', 50),
(7, 6, 'Salario', '', 2950),
(8, 6, 'Caja de ahorro', '', 50),
(9, 7, 'Salario', '', 2950),
(10, 7, 'Caja de ahorro', '', 50),
(11, 8, 'Salario', '', 2950),
(12, 8, 'Caja de ahorro', '', 50),
(13, 9, 'Caja de ahorro', '', 200),
(14, 10, 'Salario', '', 2950),
(15, 10, 'Caja de ahorro', '', 50),
(16, 11, 'Salario', '', 2950),
(17, 11, 'Caja de ahorro', '', 50),
(18, 12, 'Salario', '', 2950),
(19, 12, 'Caja de ahorro', '', 50),
(20, 13, 'Salario', '', 2950),
(21, 13, 'Caja de ahorro', '', 50),
(22, 14, 'Caja de ahorro', '', 200),
(23, 15, 'Salario', '', 7765),
(24, 16, 'Salario', '', 2950),
(25, 16, 'Caja de ahorro', '', 50),
(26, 17, 'Salario', '', 2950),
(27, 17, 'Caja de ahorro', '', 50),
(28, 18, 'Salario', '', 2950),
(29, 18, 'Caja de ahorro', '', 50),
(30, 19, 'Salario', '', 2950),
(31, 19, 'Caja de ahorro', '', 50),
(32, 20, 'Salario', '', 2950),
(33, 20, 'Caja de ahorro', '', 50),
(34, 21, 'Caja de ahorro', '', 250),
(35, 22, 'Salario', '', 2950),
(36, 22, 'Caja de ahorro', '', 50),
(37, 23, 'Salario', '', 2950),
(38, 23, 'Caja de ahorro', '', 50),
(40, 24, 'Prima Vacacional', '', 1500),
(41, 25, 'Salario', '', 2950),
(42, 25, 'Caja de ahorro', '', 50),
(43, 26, 'Salario', '', 2950),
(44, 26, 'Caja de ahorro', '', 50),
(45, 27, 'Caja de ahorro', '', 200),
(46, 28, 'Salario', '', 1000),
(47, 29, 'Salario', '', 1000),
(48, 30, 'Caja de ahorro', '', 500),
(49, 31, 'Salario', '', 2950),
(50, 31, 'Caja de ahorro', '', 50),
(51, 32, 'Salario', '', 2950),
(52, 32, 'Caja de ahorro', '', 50),
(53, 33, 'Salario', '', 2950),
(54, 33, 'Caja de ahorro', '', 50),
(55, 34, 'Salario', '', 2950),
(56, 34, 'Caja de ahorro', '', 50),
(59, 35, 'Caja de ahorro', '', 200),
(61, 37, 'Caja de ahorro', '', 2000),
(62, 39, 'Salario', '', 1000),
(63, 40, 'Salario', '', 1000),
(64, 36, 'Caja de ahorro', '', 200),
(65, 38, 'Caja de ahorro', '', 2000),
(66, 41, 'Caja de ahorro', '', 200),
(67, 42, 'Salario', '', 2950),
(68, 42, 'Caja de ahorro', '', 50),
(69, 43, 'Salario', '', 2950),
(70, 43, 'Caja de ahorro', '', 50),
(71, 44, 'Salario', '', 2950),
(72, 44, 'Caja de ahorro', '', 50),
(73, 45, 'Salario', '', 2950),
(74, 45, 'Caja de ahorro', '', 50),
(75, 46, 'Salario', '', 2950),
(76, 46, 'Caja de ahorro', '', 50),
(77, 47, 'Caja de ahorro', '', 250),
(78, 48, 'Caja de ahorro', '', 2500),
(79, 49, 'Salario', '', 1000),
(80, 50, 'Salario', '', 1000),
(81, 51, 'Salario', '', 2950),
(82, 51, 'Caja de ahorro', '', 50),
(83, 52, 'Caja de ahorro', '', 500),
(84, 53, 'Salario', '', 2950),
(85, 53, 'Caja de ahorro', '', 50),
(86, 54, 'Caja de ahorro', '', 500),
(87, 55, 'Salario', '', 2950),
(88, 55, 'Caja de ahorro', '', 50),
(89, 56, 'Salario', '', 2950),
(90, 56, 'Caja de ahorro', '', 50),
(91, 57, 'Caja de ahorro', '', 1000),
(92, 58, 'Caja de ahorro', '', 200),
(93, 59, 'Salario', '', 3802),
(94, 60, 'Salario', '', 2950),
(95, 60, 'Caja de ahorro', '', 50),
(96, 61, 'Caja de ahorro', '', 500),
(97, 62, 'Salario', '', 2950),
(98, 62, 'Caja de ahorro', '', 50),
(99, 63, 'Caja de ahorro', '', 500),
(100, 64, 'Salario', '', 2950),
(101, 64, 'Caja de ahorro', '', 50),
(102, 65, 'Caja de ahorro', '', 500),
(103, 66, 'Salario', '', 2950),
(104, 66, 'Caja de ahorro', '', 50),
(105, 67, 'Caja de ahorro', '', 500),
(106, 68, 'Salario', '', 2950),
(107, 68, 'Caja de ahorro', '', 50),
(108, 69, 'Caja de ahorro', '', 500),
(109, 70, 'Caja de ahorro', '', 250),
(110, 71, 'Salario', '', 1500),
(111, 72, 'Salario', '', 1500),
(112, 73, 'Salario', '', 2950),
(113, 73, 'Caja de ahorro', '', 50),
(114, 74, 'Caja de ahorro', '', 500),
(115, 75, 'Salario', '', 2950),
(116, 75, 'Caja de ahorro', '', 50),
(117, 76, 'Caja de ahorro', '', 500),
(118, 77, 'Salario', '', 2950),
(119, 77, 'Caja de ahorro', '', 50),
(120, 78, 'Caja de ahorro', '', 500),
(121, 79, 'Salario', '', 2950),
(122, 79, 'Caja de ahorro', '', 50),
(123, 80, 'Caja de ahorro', '', 500),
(124, 81, 'Caja de ahorro', '', 200),
(125, 82, 'Salario', '', 2950),
(126, 82, 'Caja de ahorro', '', 50),
(127, 83, 'Caja de ahorro', '', 500),
(128, 84, 'Salario', '', 2950),
(129, 84, 'Caja de ahorro', '', 50),
(130, 85, 'Caja de ahorro', '', 500),
(131, 86, 'Salario', '', 2950),
(132, 86, 'Caja de ahorro', '', 50),
(133, 87, 'Aguinaldo', '', 6000),
(134, 88, 'Caja de ahorro', '', 500),
(135, 89, 'Salario', '', 2950),
(136, 89, 'Caja de ahorro', '', 50),
(137, 90, 'Caja de ahorro', '', 500),
(138, 91, 'Caja de ahorro', '', 200),
(139, 92, 'Salario', '', 2950),
(140, 92, 'Caja de ahorro', '', 50),
(141, 93, 'Salario', '', 2950),
(142, 93, 'Caja de ahorro', '', 50);

SET IDENTITY_INSERT salaries_details OFF;

TRUNCATE TABLE services;
SET IDENTITY_INSERT services ON ;
INSERT INTO services (id, client_id, car_id, odometer, fault, service_type, quote, comments, status, notes, entry_date, due_date, finished_date, total, created_at, updated_at) VALUES
(1, 2, 11, '21697', 'Servicio mayor', 'Major', 0, NULL, 'Entregado', NULL, '2025-03-01', '2025-03-01', '2025-03-01', 1600, '2025-03-01 06:00:00', '2025-03-01 06:00:00'),
(2, 9, 12, '185909', 'Fuga de anticongelante \r\nDepósitos de anticongelante y liquido limpiaparabrisas \r\nLuz de check engine encendido', 'Fallo', 0, NULL, 'Entregado', NULL, '2025-03-01', '2025-03-08', '2025-03-08', 8668, '2025-03-01 06:00:00', '2025-03-03 16:40:41'),
(3, 10, 13, '84573', 'Fallo en transmisión, falla en Reversa', 'Fallo', 0, NULL, 'Entregado', NULL, '2025-03-01', '2025-03-04', '2025-03-04', 6610, '2025-03-01 06:00:00', '2025-03-03 16:51:39'),
(4, 11, 14, '140,561', 'Mensajes de advertencia ABS en el tablero', 'Fallo', 0, NULL, 'Entregado', NULL, '2025-02-15', '2025-03-07', '2025-03-07', 3170, '2025-02-15 06:00:00', '2025-03-04 22:57:18'),
(5, 5, 5, '164258', 'Vibración al manejar', 'Fallo', 0, NULL, 'Entregado', 'Cambio de piezas por garantía (Bases de motor y flecha homocinética lado izquierdo)', '2025-03-04', '2025-03-21', '2025-03-21', 1100, '2025-03-04 06:00:00', '2025-03-05 02:03:34'),
(6, 10, 15, '119002', 'Mantenimiento\r\nMantenimiento de transmisión \r\nCambio de intercooler', 'Fallo', 0, NULL, 'Entregado', NULL, '2025-03-05', '2025-03-15', '2025-03-15', 11825, '2025-03-05 06:00:00', '2025-03-05 20:55:28'),
(7, 11, 14, '140706', 'Testigos de ABS prendidos en el tablero', 'Fallo', 0, NULL, 'Entregado', NULL, '2025-03-07', '2025-03-11', '2025-03-11', 2670, '2025-03-07 06:00:00', '2025-03-08 01:32:39'),
(8, 13, 16, '115,029', 'Cabezote', 'Fallo', 0, NULL, 'Entregado', 'Se le reportó al cliente posibles fugas de anticongelante y bomba de agua. Cliente no autorizó cambio de piezas.', '2025-01-14', NULL, '2025-07-05', 6222, '2025-01-14 06:00:00', '2025-07-05 18:40:11'),
(9, 14, 17, '251867', 'Flecha homocinética derecha\r\nAmortiguadores delanteros', 'Fallo', 0, NULL, 'Entregado', 'El cliente trajo sus refacciones\r\nAmortiguadores delanteros, base de motor, base de caja.\r\nSe trabajo la flecha', '2025-03-10', NULL, '2025-04-07', 2500, '2025-03-10 06:00:00', '2025-04-08 00:59:47'),
(10, 3, 3, '134725', 'Fuga de líquido de clutch\r\nLuz de cuarto trasero izquierdo', 'Fallo', 0, NULL, 'Entregado', NULL, '2025-03-10', '2025-03-13', '2025-03-13', 2660, '2025-03-10 06:00:00', '2025-03-10 20:37:12'),
(11, 4, 4, '140998', 'Cambio de ventilador\r\nCambio de varillas de dirección', 'Fallo', 0, NULL, 'Entregado', NULL, '2025-03-11', '2025-03-11', '2025-03-11', 3080, '2025-03-11 06:00:00', '2025-03-11 23:54:41'),
(12, 15, 18, '154529', 'Servicio mayor\r\nRuido en suspensión \r\nRevisión de clutch', 'Major', 0, NULL, 'Entregado', NULL, '2025-03-12', '2025-03-18', '2025-03-18', 6990, '2025-03-12 06:00:00', '2025-03-12 16:34:41'),
(13, 11, 14, '140782', 'Fuga de anticongelante', 'Fallo', 0, NULL, 'Entregado', NULL, '2025-03-12', '2025-03-24', '2025-03-24', 2080, '2025-03-12 06:00:00', '2025-03-13 02:05:38'),
(14, 16, 21, '57319', 'Fuga del sistema de A/C', 'Menor', 0, NULL, 'Entregado', NULL, '2025-03-14', '2025-03-14', '2025-03-14', 3340, '2025-03-14 06:00:00', '2025-03-14 17:07:41'),
(15, 2, 22, '192610', 'No entra reversa', 'Menor', 0, NULL, 'Entregado', NULL, '2025-03-15', '2025-03-15', '2025-03-15', 1400, '2025-03-15 06:00:00', '2025-03-15 18:42:58'),
(16, 10, 13, '86276', 'Falla en Reversa', 'Fallo', 0, NULL, 'Entregado', NULL, '2025-03-15', '2025-03-18', '2025-03-18', 4870, '2025-03-15 06:00:00', '2025-03-15 18:48:58'),
(17, 17, 23, '160677', 'Horquilla derecha inferior rota', 'Fallo', 0, NULL, 'Entregado', 'Cliente trajo las refacciones', '2025-03-15', '2025-03-18', '2025-03-18', 1600, '2025-03-15 06:00:00', '2025-03-18 17:17:04'),
(18, 6, 6, '184842', 'Calentamiento', 'Fallo', 0, NULL, 'Entregado', 'Revisión de ventilador', '2025-03-19', '2025-03-20', '2025-03-20', 500, '2025-03-19 06:00:00', '2025-03-19 17:53:23'),
(19, 6, 7, '118277', 'Revisión de luces', 'Menor', 0, NULL, 'Entregado', NULL, '2025-03-20', '2025-03-21', '2025-03-21', 3250, '2025-03-20 06:00:00', '2025-03-20 22:54:45'),
(20, 18, 24, '167871', 'Servicio Mayor', 'Major', 0, NULL, 'Entregado', NULL, '2025-03-21', '2025-03-22', '2025-03-22', 5625, '2025-03-21 06:00:00', '2025-03-22 00:17:07'),
(21, 12, 25, NULL, 'Cabezote', 'Fallo', 0, NULL, 'Entregado', NULL, '2025-03-21', NULL, '2025-05-12', 1800, '2025-03-22 00:39:41', '2025-05-13 00:47:05'),
(22, 19, 26, '41228', 'Brazo tensor de banda de accesorios', 'Fallo', 0, NULL, 'Entregado', NULL, '2025-03-25', '2025-03-26', '2025-03-31', 1780, '2025-03-25 18:30:39', '2025-04-01 04:17:51'),
(23, 9, 12, '186065', 'Ruido en el diferencial', 'Fallo', 0, NULL, 'Entregado', 'Se reparo diferencial, el cliente compro las refacciones', '2025-03-31', NULL, '2025-04-20', 2400, '2025-03-31 18:05:41', '2025-04-22 00:54:53'),
(24, 20, 27, NULL, 'Fuga interna de anticongelante', 'Fallo', 0, NULL, 'Entregado', 'Ligado al servicio con folio #64', '2025-03-31', NULL, '2025-12-09', 1600, '2025-04-01 04:33:23', '2025-12-09 23:34:56'),
(25, 4, 28, '125529', 'Icono de batería encendido en el tablero', 'Fallo', 0, NULL, 'Entregado', NULL, '2025-04-01', NULL, '2025-04-02', 7400, '2025-04-01 15:19:04', '2025-04-03 04:05:37'),
(26, 5, 5, '164258', 'No arranca', 'Fallo', 0, NULL, 'Entregado', NULL, '2025-04-03', NULL, '2025-04-04', 1350, '2025-04-03 16:31:09', '2025-04-04 16:13:57'),
(27, 3, 3, NULL, 'No arranca con tanque a la mitad\r\nluces\r\nclima', 'Fallo', 0, NULL, 'Entregado', 'Se cambio bomba de gasolina, se reparo clima, se puso relevador a luces', '2025-04-09', NULL, '2025-04-21', 2800, '2025-04-22 00:18:16', '2025-04-22 17:39:16'),
(28, 4, 4, '149940', 'Servicio mayor', 'Mayor', 0, NULL, 'Entregado', NULL, '2025-04-21', NULL, '2025-04-21', 800, '2025-04-22 00:21:45', '2025-04-22 01:40:35'),
(29, 21, 29, NULL, 'Balatas delanteras', 'Fallo', 0, NULL, 'Entregado', NULL, '2025-04-21', NULL, '2025-04-21', 1920, '2025-04-22 00:29:30', '2025-04-22 00:31:18'),
(30, 22, 30, NULL, 'Servicio Menor', 'Menor', 0, NULL, 'Entregado', NULL, '2025-04-21', NULL, '2025-04-21', 400, '2025-04-22 00:38:46', '2025-04-22 00:39:10'),
(31, 23, 31, NULL, 'Fuga de anticongelante', 'Menor', 0, NULL, 'Entregado', NULL, '2025-04-21', NULL, '2025-04-21', 900, '2025-04-22 00:47:34', '2025-04-22 00:48:17'),
(32, 24, 32, NULL, 'Fuga de anticongelante', 'Fallo', 0, NULL, 'Entregado', 'Se cambio manguera inferior de radiador y amortiguador de cofre', '2025-04-21', NULL, '2025-04-21', 800, '2025-04-22 00:53:33', '2025-04-22 00:54:19'),
(33, 10, 13, '87371', 'Fuga de anticongelante', 'Fallo', 0, NULL, 'Entregado', NULL, '2025-04-17', NULL, '2025-04-24', 1800, '2025-04-22 17:36:50', '2025-04-25 03:26:02'),
(34, 10, 15, NULL, 'Cambio de rejilla', 'Fallo', 0, NULL, 'Entregado', NULL, '2025-04-24', NULL, '2025-05-19', 1800, '2025-04-25 02:23:27', '2025-05-19 18:04:16'),
(35, 25, 33, NULL, 'Fuga de anticongelante, Luces, Fuga de aceite', 'Fallo', 0, NULL, 'Entregado', NULL, '2025-04-24', NULL, '2025-04-25', 1580, '2025-04-25 03:24:26', '2025-04-25 15:42:40'),
(36, 9, 12, NULL, 'Fuga de aceite de diferencial', 'Fallo', 0, NULL, 'Entregado', NULL, '2025-04-24', NULL, '2025-04-24', 5573, '2025-04-25 03:26:59', '2025-04-25 03:30:27'),
(37, 26, 34, NULL, 'No arranca, testigos de ABS prendido en el tablero, ruido en suspensión trasera', 'Fallo', 0, NULL, 'Entregado', NULL, '2025-04-24', NULL, '2025-04-28', 7550, '2025-04-25 03:36:56', '2025-04-28 23:51:24'),
(38, 25, 35, NULL, 'Cambio de rotulas y base de motor', 'Fallo', 0, NULL, 'Entregado', NULL, '2025-04-25', NULL, '2025-04-28', 4973, '2025-04-25 15:55:56', '2025-04-28 15:39:04'),
(39, 27, 36, '159441', 'No sube la presión de aceite', 'Fallo', 0, NULL, 'Entregado', NULL, '2025-04-28', NULL, '2025-09-18', 10000, '2025-04-28 23:58:15', '2025-09-19 00:35:20'),
(40, 7, 8, '181,018', 'Fuga de anticongelante', 'Fallo', 0, NULL, 'Entregado', NULL, '2025-07-29', NULL, '2025-07-30', 4280, '2025-04-29 03:22:32', '2025-07-30 15:12:00'),
(41, 4, 28, '126010', 'Ruido en el soplador del clima', 'Fallo', 0, NULL, 'Entregado', NULL, '2025-04-29', NULL, '2025-04-30', 500, '2025-04-29 15:29:04', '2025-05-01 04:55:08'),
(42, 23, 31, '171733', 'Cambio de bases de motor, cambio de bujes y deposito de anticongelante', 'Fallo', 0, NULL, 'Entregado', NULL, '2025-04-30', NULL, '2025-04-30', 3000, '2025-04-30 22:34:58', '2025-04-30 22:40:21'),
(43, 4, 4, '152257', 'Cambio de gomas de barra estabilizadora', 'Fallo', 0, NULL, 'Entregado', NULL, '2025-05-01', NULL, '2025-05-01', 400, '2025-05-02 00:42:49', '2025-05-02 01:03:02'),
(44, 4, 4, '156,631', 'Cambio de gomas de barra estabilizadora', 'Fallo', 0, NULL, 'Entregado', 'Se cambio base de motor', '2025-05-19', NULL, '2025-05-19', 300, '2025-05-02 00:42:58', '2025-05-20 00:38:22'),
(48, 28, 37, '320938', 'Cambio de bases de motor, fuga de aceite', 'Fallo', 0, NULL, 'Entregado', NULL, '2025-05-08', NULL, '2025-05-12', 3000, '2025-05-08 19:13:30', '2025-05-13 00:51:22'),
(49, 29, 38, '280589', 'Cigarrera no funciona', 'Fallo', 0, NULL, 'Entregado', NULL, '2025-05-13', NULL, '2025-05-13', 300, '2025-05-13 18:58:09', '2025-05-13 22:10:44'),
(50, 30, 39, '132404', 'Calentamiento', 'Fallo', 0, NULL, 'Entregado', NULL, '2025-05-13', NULL, '2025-05-14', 3858, '2025-05-13 22:17:19', '2025-05-14 22:51:26'),
(51, 31, 40, '234175', 'Ruido de motor', 'Fallo', 0, NULL, 'Entregado', NULL, '2025-05-15', NULL, '2025-07-18', 33826, '2025-05-17 00:17:29', '2025-07-19 00:44:47'),
(52, 10, 13, '90129', 'Ruido en suspensión delantera', 'Fallo', 0, NULL, 'Entregado', NULL, '2025-05-19', NULL, '2025-05-23', 5430, '2025-05-19 18:07:00', '2025-05-24 03:19:48'),
(53, 2, 41, '174991', 'Servicio Mayor', 'Mayor', 0, NULL, 'Entregado', NULL, '2025-05-19', NULL, '2025-05-19', 1500, '2025-05-19 18:09:25', '2025-05-19 18:09:54'),
(54, 32, 42, NULL, 'Cabezote, Fallo de motor', 'Fallo', 0, NULL, 'Entregado', NULL, '2024-04-03', NULL, '2025-05-19', 7000, '2025-05-19 18:45:18', '2025-05-19 18:46:35'),
(55, 33, 43, '105,442', 'Servicio', 'Fallo', 0, NULL, 'Entregado', NULL, '2025-05-26', NULL, '2025-05-26', 6060, '2025-05-19 18:59:48', '2025-05-26 23:59:51'),
(56, 18, 24, '168284', 'Reparación de fascia trasera', 'Fallo', 0, NULL, 'Entregado', NULL, '2025-05-19', NULL, '2025-05-21', 900, '2025-05-20 00:39:34', '2025-05-22 01:35:55'),
(57, 29, 44, NULL, 'Ruido en suspensión', 'Fallo', 0, NULL, 'Cancelado', NULL, '2025-05-29', NULL, NULL, 3108.8, '2025-05-29 19:37:50', '2025-06-17 18:39:33'),
(58, 29, 38, NULL, 'Fuga de aceite y fuga de anticongelante.', 'Fallo', 0, NULL, 'Cancelado', NULL, '2025-05-31', NULL, NULL, 1972, '2025-05-31 13:52:27', '2025-06-17 18:39:21'),
(59, 6, 7, NULL, 'Rescate (No arranca, problemas de bateria)', 'Fallo', 0, NULL, 'Entregado', NULL, '2025-06-02', NULL, '2025-06-02', 800, '2025-06-02 23:47:41', '2025-06-02 23:48:03'),
(60, 22, 30, NULL, 'Revisión de luces', 'Fallo', 0, NULL, 'Entregado', 'Se reparo cables rotos', '2025-06-02', NULL, '2025-06-02', 600, '2025-06-02 23:48:26', '2025-06-02 23:49:01'),
(61, 34, 45, '81522', 'Respaldo de asiento lado conductor no funciona correctamente', 'Fallo', 0, NULL, 'Entregado', 'Reparación de asiento lado conductor', '2025-06-04', NULL, '2025-06-05', 1200, '2025-06-05 00:35:09', '2025-06-05 23:38:16'),
(62, 2, 41, '175859', 'Fuga de anticongelante.\r\nFuga de aceite.\r\nCambio de trípode y cubrepolvo.', 'Fallo', 0, NULL, 'Entregado', NULL, '2025-06-05', NULL, '2025-06-07', 5335, '2025-06-05 20:34:24', '2025-06-07 19:11:21'),
(63, 35, 46, '256779', 'No arranca', 'Fallo', 0, NULL, 'Entregado', 'Se reparó motor de arranque', '2025-06-05', NULL, '2025-06-05', 1200, '2025-06-05 23:37:05', '2025-06-05 23:37:42'),
(64, 20, 27, NULL, 'Cabezote', 'Fallo', 0, NULL, 'Entregado', 'Ligado al servicio con folio #24', '2025-06-10', NULL, '2025-12-09', 8890, '2025-06-10 18:29:15', '2025-12-09 23:35:45'),
(65, 2, 22, '194,596', 'Cambio de clutch', 'Fallo', 0, NULL, 'Entregado', NULL, '2025-06-10', NULL, '2025-06-16', 7550, '2025-06-10 19:54:12', '2025-06-16 17:44:18'),
(66, 37, 48, NULL, 'Rescate, auto no arranca', 'Fallo', 0, NULL, 'Entregado', 'Cambio de bomba de gasolina, Chevrolet Beat 2020', '2025-06-10', NULL, '2025-06-10', 800, '2025-06-10 23:44:29', '2025-06-10 23:46:09'),
(67, 37, 48, '116645', 'Fallo de motor', 'Fallo', 0, 'Toyota Corolla 2016', 'Entregado', NULL, '2025-06-12', NULL, '2025-06-12', 2731, '2025-06-12 19:07:18', '2025-06-12 21:25:42'),
(68, 5, 5, '164258', 'Servicio mayor', 'Mayor', 0, NULL, 'Entregado', NULL, '2025-06-13', NULL, '2025-06-16', 4460, '2025-06-13 22:22:43', '2025-06-16 14:46:58'),
(69, 38, 49, '183,182', 'Se descarga la batería', 'Fallo', 0, NULL, 'Entregado', NULL, '2025-06-14', NULL, '2025-06-18', 9245, '2025-06-16 19:36:56', '2025-06-19 01:49:04'),
(70, 3, 50, '98588', 'Servicio mayor', 'Mayor', 0, NULL, 'Entregado', NULL, '2025-06-16', NULL, '2025-06-16', 4200, '2025-06-16 22:28:47', '2025-06-16 23:03:51'),
(71, 25, 33, '135,754', 'Fuga de aceite.\r\nCheck engine encendido.\r\ncambio de foco de luz anti-niebla.', 'Fallo', 0, NULL, 'Entregado', NULL, '2025-06-17', NULL, '2025-07-02', 5585, '2025-06-17 18:28:50', '2025-07-03 01:06:38'),
(72, 37, 48, NULL, 'Fuga de gasolina', 'Fallo', 0, 'Mercedes Benz C200 Hugo', 'Entregado', NULL, '2025-06-19', NULL, '2025-06-19', 900, '2025-06-20 01:40:47', '2025-06-20 01:41:43'),
(73, 26, 34, '126161', 'Ruido en suspensión.', 'Fallo', 0, NULL, 'Entregado', NULL, '2025-06-21', NULL, '2025-06-24', 7300, '2025-06-21 18:06:05', '2025-06-25 00:57:24'),
(74, 26, 51, NULL, 'Fuga de aceite.', 'Fallo', 0, NULL, 'Entregado', NULL, '2025-06-30', NULL, '2025-06-30', 2300, '2025-07-01 00:49:22', '2025-07-01 02:03:58'),
(75, 39, 52, '110176', 'Fallo de motor.', 'Fallo', 0, NULL, 'Entregado', NULL, '2025-07-03', NULL, '2025-07-12', 1660, '2025-07-04 00:26:04', '2025-07-12 12:09:33'),
(76, 10, 15, '128119', 'Ruido en suspensión.\r\nRuido al encender clima.\r\nRevisión de chicote de cofre.', 'Fallo', 0, NULL, 'Entregado', NULL, '2025-07-03', NULL, '2025-07-12', 10560, '2025-07-04 00:27:10', '2025-07-12 12:05:24'),
(77, 29, 53, NULL, 'Pérdida de potencia (Se apaga).\r\nServicio Mayor', 'Fallo', 0, NULL, 'Entregado', 'Se cobró únicamente el diagnóstico.', '2025-07-04', NULL, '2025-07-14', 6574.72, '2025-07-04 23:28:03', '2025-08-01 02:28:46'),
(78, 3, 50, '101611', 'No entran las velocidades primera y segunda.\r\nConexión de luces.', 'Fallo', 0, NULL, 'Entregado', NULL, '2025-07-17', NULL, '2025-07-31', 13865, '2025-07-17 22:37:14', '2025-07-31 15:54:34'),
(79, 37, 48, NULL, 'No acelera y se apaga', 'Fallo', 0, 'Chevrolet TrailBlazer 2002', 'Entregado', NULL, '2025-07-25', NULL, '2025-08-12', 4120, '2025-07-25 22:21:53', '2025-08-12 21:23:34'),
(80, 5, 5, NULL, 'Cambio de arnés de sensor MAF', 'Fallo', 0, NULL, 'Entregado', NULL, '2025-07-28', NULL, '2025-07-28', 1150, '2025-07-28 20:23:26', '2025-07-28 20:26:21'),
(81, 40, 54, '141,699', 'Cambio de manija de puerta delantera izquierda.', 'Fallo', 0, NULL, 'Entregado', NULL, '2025-07-28', NULL, '2025-07-28', 300, '2025-07-28 20:35:34', '2025-07-28 23:30:44'),
(82, 37, 48, NULL, 'Revisión General de Vehículo.', 'Fallo', 0, 'Nissan Tiida 2012', 'Entregado', NULL, '2025-08-07', NULL, '2025-08-21', 17937, '2025-08-07 17:44:28', '2025-08-21 19:12:09'),
(83, 37, 48, NULL, 'Fuga de Aceite de Transmisión.', 'Fallo', 0, 'Mercedes Benz E500 2011', 'Entregado', NULL, '2025-08-07', NULL, '2025-08-18', 11890, '2025-08-07 19:55:34', '2025-08-18 15:26:40'),
(84, 28, 37, NULL, 'Bomba de freno', 'Fallo', 0, NULL, 'Entregado', NULL, '2025-08-11', NULL, '2025-08-11', 1700, '2025-08-11 23:50:08', '2025-08-11 23:51:22'),
(85, 4, 4, NULL, 'Prende icono de presión de aceite en el tablero.', 'Fallo', 0, NULL, 'Entregado', NULL, '2025-08-14', NULL, '2025-08-14', 500, '2025-08-14 15:31:49', '2025-08-14 15:32:08'),
(86, 26, 51, NULL, 'Prende icono de nivel de aceite bajo.', 'Fallo', 0, NULL, 'Entregado', NULL, '2025-08-14', NULL, '2025-08-18', 2980, '2025-08-14 15:32:59', '2025-08-18 15:27:20'),
(87, 37, 48, NULL, 'Reparación de cablería de ventiladores.', 'Fallo', 0, 'Volkswagen EuroVan 2003', 'Entregado', NULL, '2025-08-14', NULL, '2025-10-09', 7860, '2025-08-14 15:35:21', '2025-10-10 00:16:21'),
(88, 11, 14, NULL, 'Fuga de anticongelante.', 'Fallo', 0, NULL, 'Entregado', NULL, '2025-08-20', NULL, '2025-10-25', 2290, '2025-08-20 17:12:56', '2025-10-25 16:15:41'),
(89, 31, 56, '119466', 'Calentamiento.\r\nCheck engine encendido.\r\nCambio de tablero.', 'Fallo', 0, NULL, 'Entregado', NULL, '2025-08-20', NULL, '2025-08-23', 6255, '2025-08-20 19:16:24', '2025-08-23 18:17:28'),
(90, 6, 7, '124179', 'Servicio mayor.\r\nFallo de motor. \r\nChillido al frenar.\r\nRevisión de suspensión.', 'Fallo', 0, NULL, 'Entregado', NULL, '2025-08-22', NULL, '2025-08-27', 16265, '2025-08-22 18:10:28', '2025-08-27 15:48:01'),
(91, 31, 40, '236973', 'Servicio menor.\r\nFocos antiniebla.\r\nVentanas no suben ni bajan.\r\nTestigo ¨D¨ parpadea en el tablero.', 'Fallo', 0, NULL, 'Entregado', NULL, '2025-08-23', NULL, '2025-08-28', 900, '2025-08-23 18:20:00', '2025-08-28 22:45:23'),
(92, 37, 48, NULL, 'Revoluciones de motor demasiado altas.', 'Fallo', 0, 'Toyota Yaris 2007', 'Entregado', NULL, '2025-08-27', NULL, '2025-09-02', 1720, '2025-08-27 19:15:11', '2025-09-02 23:03:04'),
(93, 37, 48, NULL, 'Revoluciones de motor demasiado altas.', 'Fallo', 0, 'Toyota Yaris 2007', 'Cancelado', 'Por error se ingreso dos veces el mismo vehiculo', '2025-08-27', NULL, NULL, 0, '2025-08-27 19:15:11', '2025-08-27 19:20:20'),
(94, 41, 57, NULL, 'Servicio Mayor', 'Mayor', 0, NULL, 'Entregado', NULL, '2025-08-28', NULL, '2025-08-28', 900, '2025-08-28 22:50:36', '2025-08-28 22:51:53'),
(95, 20, 27, NULL, 'Cadena de distribución.', 'Fallo', 1, NULL, 'Pendiente', NULL, '2025-08-28', NULL, NULL, NULL, '2025-08-28 23:01:41', '2025-08-28 23:01:41'),
(96, 4, 4, NULL, 'Servicio menor.\r\nBalero trasero.', 'Fallo', 0, NULL, 'Entregado', NULL, '2025-08-29', NULL, '2025-08-29', 700, '2025-08-30 00:57:19', '2025-08-30 00:57:53'),
(97, 37, 48, NULL, 'Servico Mayor', 'Fallo', 1, NULL, 'Pendiente', NULL, '2025-09-02', NULL, NULL, NULL, '2025-09-02 18:55:46', '2025-09-02 18:55:46'),
(98, 2, 22, NULL, 'Balatas delanteras.', 'Fallo', 0, NULL, 'Entregado', NULL, '2025-09-02', NULL, '2025-09-02', 300, '2025-09-02 22:49:38', '2025-09-02 22:54:59'),
(99, 7, 8, NULL, 'Codo de agua de calefacción.', 'Fallo', 0, NULL, 'Entregado', NULL, '2025-09-02', NULL, '2025-09-02', 300, '2025-09-02 22:55:26', '2025-09-02 22:56:12'),
(100, 37, 48, NULL, 'No arranca después de cargar gasolina.', 'Fallo', 0, 'Ford Fusion 2016', 'Entregado', 'Se cambiaron las dos horquillas. El cliente trajo las refacciones.', '2025-12-29', NULL, '2025-12-30', 800, '2025-09-04 18:27:43', '2025-12-31 00:03:31'),
(101, 4, 4, '181586', 'Instalación de fascia.', 'Fallo', 0, NULL, 'Entregado', NULL, '2025-09-05', NULL, '2025-09-05', 1099, '2025-09-06 00:20:16', '2025-09-06 00:32:50'),
(102, 4, 4, '181586', 'Instalación de fascia delantera.', 'Fallo', 0, NULL, 'Cancelado', NULL, '2025-10-02', NULL, NULL, 0, '2025-09-06 00:22:20', '2025-10-02 22:14:28'),
(103, 37, 48, NULL, 'Icono de batería en el tablero.', 'Fallo', 0, 'Subaru Impreza XV 2016', 'Entregado', NULL, '2025-09-09', NULL, '2025-09-22', 6000, '2025-09-10 00:12:19', '2025-09-23 00:03:16'),
(104, 10, 15, '92445', 'Ruido en suspensión lado derecho.', 'Fallo', 0, NULL, 'Entregado', NULL, '2025-09-12', NULL, '2025-09-18', 5170, '2025-09-12 23:40:17', '2025-09-19 00:34:36'),
(105, 23, 31, NULL, 'Colisión.', 'Fallo', 1, NULL, 'Pendiente', NULL, '2025-09-18', NULL, NULL, NULL, '2025-09-19 00:37:11', '2025-09-19 00:37:11'),
(106, 37, 48, NULL, 'No entran velocidades.', 'Fallo', 0, 'Nissan Tiida 2012', 'Entregado', NULL, '2025-09-18', NULL, '2025-09-29', 8360, '2025-09-19 01:17:27', '2025-09-29 22:58:55'),
(107, 6, 6, '191357', 'Servicio mayor.\r\nFrenos.', 'Mayor', 0, NULL, 'Entregado', NULL, '2025-09-18', NULL, '2025-09-22', 7950, '2025-09-19 01:29:14', '2025-09-23 00:02:48'),
(108, 7, 8, NULL, 'Fuga de aceite', 'Fallo', 0, NULL, 'Entregado', NULL, '2025-09-22', NULL, '2025-09-22', 1310, '2025-09-23 00:03:56', '2025-09-23 00:05:03'),
(109, 42, 60, NULL, 'Motor amarrado.', 'Fallo', 0, NULL, 'Pendiente', NULL, '2025-09-22', NULL, NULL, 78000, '2025-09-23 00:08:52', '2025-09-23 00:25:03'),
(110, 43, 62, NULL, 'Servicio menor.', 'Fallo', 0, NULL, 'Entregado', NULL, '2025-09-26', NULL, '2025-09-26', 1970, '2025-09-26 18:27:37', '2025-09-26 18:29:45'),
(111, 37, 48, NULL, 'Cambio de alternador.', 'Fallo', 0, 'Toyota RAV-4 2006', 'Entregado', NULL, '2025-09-26', NULL, '2025-09-26', 800, '2025-09-26 18:30:40', '2025-09-26 18:31:19'),
(112, 16, 21, '61612', 'Servicio menor.', 'Menor', 0, NULL, 'Entregado', NULL, '2025-09-26', NULL, '2025-09-26', 1670, '2025-09-26 18:34:53', '2025-09-26 18:37:14'),
(113, 31, 40, NULL, 'Regulador de presión de gasolina.', 'Fallo', 0, NULL, 'Entregado', NULL, '2025-09-29', NULL, '2025-09-29', 150, '2025-09-29 22:57:21', '2025-09-29 22:57:48'),
(114, 16, 63, '228438', 'Servicio menor.\r\nBases de motor.', 'Fallo', 0, NULL, 'Entregado', NULL, '2025-09-29', NULL, '2025-10-01', 6600, '2025-09-29 23:02:54', '2025-10-01 15:17:51'),
(115, 6, 6, NULL, 'Bases de motor', 'Fallo', 1, NULL, 'Pendiente', NULL, '2025-10-01', NULL, NULL, NULL, '2025-10-01 20:45:39', '2025-10-01 20:45:39'),
(116, 20, 64, '122728', 'Motor ahogado.', 'Fallo', 0, NULL, 'Pendiente', NULL, '2025-10-06', NULL, NULL, 47400, '2025-10-06 16:52:11', '2025-12-22 18:42:09'),
(117, 37, 48, NULL, 'Frenos.\r\nRuido en suspensión.\r\nLuz Check Engine no funciona.\r\nFallo de motor.', 'Fallo', 0, NULL, 'Entregado', NULL, '2025-10-07', NULL, '2025-10-16', 11340, '2025-10-08 00:35:57', '2025-10-17 03:08:23'),
(118, 31, 56, NULL, 'Cambio de horquillas.', 'Fallo', 0, NULL, 'Entregado', NULL, '2025-10-07', NULL, '2025-10-11', 4400, '2025-10-08 02:21:29', '2025-10-11 18:06:25'),
(119, 4, 4, '190299', 'Cambio de cremallera.', 'Fallo', 0, NULL, 'Entregado', NULL, '2025-10-09', NULL, '2025-10-14', 3420, '2025-10-10 00:21:22', '2025-10-15 01:05:56'),
(120, 44, 65, NULL, 'Revisión de ruido al arrancar.', 'Fallo', 0, NULL, 'Entregado', NULL, '2025-10-09', NULL, '2025-11-05', 4000, '2025-10-10 00:27:30', '2025-11-05 16:43:40'),
(121, 37, 48, '85650', 'Ventana trasera izquierda no sube.\r\nDescarga de batería.', 'Fallo', 0, 'BMW X3 2006', 'Entregado', NULL, '2025-10-13', NULL, '2025-10-22', 6860, '2025-10-13 21:44:18', '2025-10-22 16:13:08'),
(122, 37, 48, NULL, 'Mazas delanteras.\r\nBaleros delanteros.\r\nBaleros-maza traseros.', 'Fallo', 1, 'Honda Civic 2005', 'Pendiente', NULL, '2025-10-15', NULL, NULL, NULL, '2025-10-16 00:08:02', '2025-10-16 00:08:02'),
(123, 25, 33, '138230', 'Balatas delanteras.', 'Fallo', 0, NULL, 'Entregado', NULL, '2025-10-17', NULL, '2025-10-20', 4240, '2025-10-17 20:00:10', '2025-10-20 16:39:03'),
(124, 8, 9, '177771', 'Calentamiento.', 'Fallo', 0, NULL, 'Entregado', NULL, '2025-10-20', NULL, '2025-10-22', 15900, '2025-10-21 00:15:32', '2025-10-22 16:13:27'),
(125, 37, 48, NULL, 'Calentamiento.', 'Fallo', 0, NULL, 'Entregado', NULL, '2025-10-20', NULL, '2025-11-14', 18913, '2025-10-21 00:21:27', '2025-11-14 18:59:17'),
(126, 37, 48, '164339', 'Desagüe de aire acondicionado tupido.\r\nServicio menor.', 'Fallo', 0, 'Hyundai Tucson 2016', 'Entregado', NULL, '2025-10-23', NULL, '2025-10-23', 2440, '2025-10-23 23:00:47', '2025-10-23 23:04:05'),
(127, 37, 48, NULL, 'Cerradura de puerta delantera derecha.', 'Fallo', 1, NULL, 'Pendiente', NULL, '2025-10-23', NULL, NULL, NULL, '2025-10-23 23:04:38', '2025-10-23 23:04:38'),
(128, 2, 66, '82741', 'Servicio menor', 'Menor', 0, NULL, 'Entregado', NULL, '2025-10-25', NULL, '2025-10-25', 1000, '2025-10-25 18:30:44', '2025-10-25 18:31:01'),
(129, 45, 67, '150119', 'Fuga de anticongelante.', 'Fallo', 0, NULL, 'Entregado', NULL, '2025-10-29', NULL, '2025-12-01', 6359, '2025-10-29 18:42:48', '2025-12-01 20:11:23'),
(130, 37, 48, NULL, 'Reparación de capota.\r\nOtros servicios', 'Fallo', 0, 'Mercedes Benz SL 1996', 'Entregado', NULL, '2025-10-29', NULL, '2025-11-13', 13710, '2025-10-30 03:09:59', '2025-11-13 23:20:40'),
(131, 4, 68, '110445', 'Servicio mayor.\r\nBaltas delanteras.\r\nFuga de anticongelante.', 'Fallo', 0, NULL, 'Entregado', NULL, '2025-10-30', NULL, '2025-10-30', 8209, '2025-10-31 01:20:46', '2025-10-31 01:31:36'),
(132, 8, 10, '122513', 'Ruido y vibración.', 'Fallo', 0, NULL, 'Entregado', NULL, '2025-10-31', NULL, '2025-10-31', 6300, '2025-10-31 18:42:38', '2025-11-01 02:00:20'),
(133, 8, 10, '122513', 'Válvula de purga EVAP.\r\nAmortiguadores traseros.', 'Fallo', 1, NULL, 'Pendiente', NULL, '2025-10-31', NULL, NULL, NULL, '2025-10-31 18:51:28', '2025-10-31 18:51:28'),
(134, 37, 48, NULL, 'Check engine.', 'Fallo', 0, NULL, 'Entregado', 'No se autorizó el trabajo, se cobró solamente el diagnóstico.\r\nMercedes Benz GLA 200', '2025-11-01', NULL, '2025-11-03', 7440, '2025-11-01 18:22:16', '2025-11-03 20:43:48'),
(135, 37, 48, NULL, 'No prenden las luces.\r\nNo funciona las plumas limpiaparabrisas.', 'Fallo', 0, 'Nissan Versa', 'Entregado', NULL, '2025-11-03', NULL, '2025-11-03', 900, '2025-11-04 01:30:27', '2025-11-04 01:30:48'),
(136, 22, 30, '127564', 'Ruido en suspensión.', 'Fallo', 0, NULL, 'Entregado', NULL, '2025-11-10', NULL, '2025-11-11', 2530, '2025-11-10 23:03:49', '2025-11-12 00:43:06'),
(137, 45, 67, '150178', 'Cabezote', 'Fallo', 0, NULL, 'Entregado', NULL, '2025-11-11', NULL, '2025-12-01', 14090, '2025-11-11 20:00:00', '2025-12-01 20:11:45'),
(138, 18, 69, NULL, 'Balatas delanteras y traseras.', 'Fallo', 0, NULL, 'Cancelado', NULL, '2025-11-11', NULL, NULL, 0, '2025-11-12 00:37:14', '2025-11-12 00:55:22'),
(139, 18, 69, NULL, 'Balatas delanteras y traseras.', 'Fallo', 0, NULL, 'Cancelado', NULL, '2025-11-11', NULL, NULL, 0, '2025-11-12 00:37:15', '2025-11-12 00:55:39'),
(140, 18, 69, NULL, 'Balatas delanteras y traseras.', 'Fallo', 1, NULL, 'Pendiente', NULL, '2025-11-11', NULL, NULL, NULL, '2025-11-12 00:38:07', '2025-11-12 00:38:07'),
(141, 46, 70, NULL, 'Vibración al manejar.', 'Fallo', 0, NULL, 'Entregado', NULL, '2025-11-14', NULL, '2025-11-21', 7392, '2025-11-14 18:31:05', '2025-11-22 02:55:18'),
(142, 7, 8, '187114', 'Cubre-polvos de flecha homocinéticas rotas.', 'Fallo', 0, NULL, 'Entregado', NULL, '2025-11-21', NULL, '2025-11-21', 1160, '2025-11-21 22:42:09', '2025-11-22 00:10:06'),
(143, 35, 46, '261706', 'Servicio mayor.', 'Mayor', 0, NULL, 'Entregado', NULL, '2025-11-22', NULL, '2025-11-22', 5236, '2025-11-22 19:16:38', '2025-11-22 20:04:59'),
(144, 37, 48, NULL, 'Revisión de suspensión.', 'Fallo', 0, 'BMW X3 2006', 'Pendiente', NULL, '2025-12-19', NULL, NULL, 48325, '2025-11-26 19:21:43', '2026-01-10 00:09:57'),
(145, 14, 17, NULL, 'Fuga de anticongelante.', 'Fallo', 0, NULL, 'Entregado', NULL, NULL, NULL, '2025-12-04', 3510, '2025-11-27 00:43:05', '2025-12-05 03:07:06'),
(146, 37, 48, NULL, 'Ruido al girar.', 'Fallo', 1, 'Mazda 3 2022', 'Pendiente', NULL, NULL, NULL, NULL, NULL, '2025-11-27 21:33:09', '2025-11-27 21:33:09'),
(147, 37, 48, NULL, 'Dirección demasiado dura.', 'Fallo', 0, 'Ford Explorer 2012', 'Entregado', NULL, NULL, NULL, '2026-01-08', 26500, '2025-11-28 23:00:49', '2026-01-08 20:04:52'),
(148, 1, 1, NULL, 'Servicio menor.\r\nCambio de aceite de transmisión.', 'Fallo', 0, NULL, 'Entregado', NULL, NULL, NULL, '2025-12-01', 1800, '2025-12-01 20:10:02', '2025-12-01 20:10:51'),
(149, 37, 48, NULL, 'Servicio mayor.', 'Fallo', 1, 'Kia Rio 2023', 'Pendiente', NULL, NULL, NULL, NULL, 4423, '2025-12-04 20:47:22', '2025-12-04 22:29:25'),
(150, 37, 48, NULL, 'Servicio mayor.', 'Fallo', 1, 'Volkswagen Vento 2018', 'Pendiente', NULL, NULL, NULL, NULL, 4407, '2025-12-04 20:51:31', '2025-12-04 22:29:14'),
(151, 37, 48, NULL, 'Servicio menor.', 'Fallo', 0, 'Kia Soul 2017', 'Entregado', NULL, NULL, NULL, '2025-12-08', 1600, '2025-12-08 17:47:36', '2025-12-08 17:48:22'),
(152, 37, 48, NULL, 'Servicio menor.', 'Fallo', 0, 'Kia Sportage 2018', 'Entregado', NULL, NULL, NULL, '2025-12-09', 1630, '2025-12-09 18:15:58', '2025-12-09 18:16:41'),
(153, 37, 48, NULL, 'Servicio menor.', 'Fallo', 0, 'Chevrolet S10 Max 2023', 'Entregado', NULL, NULL, NULL, '2025-12-09', 1706, '2025-12-09 18:17:15', '2025-12-09 18:25:32'),
(154, 14, 17, NULL, 'Cambio de bujes y base de torsión inferior.', 'Fallo', 0, NULL, 'Entregado', NULL, NULL, NULL, '2025-12-09', 2950, '2025-12-09 21:04:53', '2025-12-09 23:27:35'),
(155, 14, 17, NULL, 'Vibración al andar.', 'Fallo', 0, NULL, 'Entregado', NULL, NULL, NULL, '2025-12-11', 300, '2025-12-11 20:44:59', '2025-12-11 20:45:33'),
(156, 47, 71, '242,263', 'Auto no arranca.', 'Fallo', 0, NULL, 'Entregado', NULL, NULL, NULL, '2025-12-12', 2530, '2025-12-12 18:53:24', '2025-12-12 18:58:09'),
(157, 37, 48, NULL, 'Calentamiento.', 'Fallo', 0, 'Audi A3 2014', 'Entregado', 'Solo se cobro diagnóstico de bomba de agua con caja de termostato y arnes.', NULL, NULL, '2026-01-06', 800, '2025-12-12 22:25:27', '2026-01-06 22:59:59'),
(158, 6, 7, NULL, 'Revisión general.', 'Fallo', 0, NULL, 'Entregado', NULL, NULL, NULL, '2025-12-18', 26120, '2025-12-12 22:40:14', '2025-12-18 18:24:20'),
(159, 39, 52, NULL, 'Vehículo no arranca.', 'Fallo', 0, NULL, 'Entregado', NULL, NULL, NULL, '2025-12-17', 2500, '2025-12-17 00:25:57', '2025-12-17 23:41:17'),
(160, 37, 48, NULL, 'Servicio menor.\r\nCambio de depósito de líquido de dirección.\r\nManguera de dirección hidráulica.', 'Fallo', 0, NULL, 'Entregado', NULL, NULL, NULL, '2025-12-24', 7220, '2025-12-17 22:03:03', '2025-12-24 13:22:29'),
(161, 26, 34, '134,288', 'Auto no arranca.', 'Fallo', 0, NULL, 'Entregado', NULL, NULL, NULL, '2025-12-19', 9084, '2025-12-17 22:04:49', '2025-12-19 18:56:04'),
(162, 45, 67, '150,593', 'Pérdida de anticongelante.', 'Fallo', 0, NULL, 'Entregado', NULL, NULL, NULL, '2025-12-22', 0, '2025-12-17 22:06:17', '2025-12-23 00:46:27'),
(163, 41, 57, NULL, 'Revisión de frenos.\r\nRevisión de suspensión.', 'Fallo', 0, NULL, 'Entregado', NULL, NULL, NULL, '2025-12-19', 2670, '2025-12-19 18:57:14', '2025-12-19 22:17:55'),
(164, 37, 48, NULL, 'Venta de chatarra.', 'Fallo', 0, NULL, 'Entregado', NULL, NULL, NULL, '2025-12-22', 1257, '2025-12-22 18:38:50', '2025-12-22 18:41:43'),
(165, 37, 48, NULL, 'Servicio menor', 'Fallo', 0, 'Mazda 3 2016', 'Entregado', NULL, NULL, NULL, '2025-12-26', 1700, '2025-12-27 01:27:20', '2025-12-27 01:29:26'),
(166, 37, 48, NULL, 'Cambio de polea de cigüeñal.', 'Fallo', 0, 'Aveo Xavi', 'Entregado', NULL, NULL, NULL, '2025-12-26', 400, '2025-12-27 01:31:01', '2025-12-27 01:31:21'),
(167, 45, 72, NULL, 'Fuga de aceite.\r\nRuidos.', 'Fallo', 0, NULL, 'Entregado', NULL, NULL, NULL, '2025-12-30', 1726, '2025-12-29 18:01:04', '2025-12-31 00:01:57'),
(168, 45, 73, NULL, 'Derrapa al frenar.', 'Fallo', 0, NULL, 'Entregado', NULL, NULL, NULL, '2026-01-07', 2990, '2025-12-31 15:49:48', '2026-01-08 00:49:06'),
(169, 37, 48, NULL, 'Cambio de chicotes de velocidades.', 'Fallo', 0, 'Nissan Versa 2012', 'Finalizado', NULL, '2025-12-19', NULL, NULL, 2980, '2026-01-06 00:19:27', '2026-01-10 00:10:20'),
(170, 4, 68, '125,378', 'Fallo de motor.', 'Fallo', 0, NULL, 'Entregado', 'Cliente trajo bobina para cambiar.', NULL, NULL, '2026-01-08', 1500, '2026-01-08 23:49:56', '2026-01-08 23:51:30'),
(171, 37, 48, NULL, 'Fallo de motor.\r\nRuido de suspensión.', 'Fallo', 0, 'Ford Fusion 2016', 'Finalizado', NULL, '2026-01-06', NULL, NULL, 5140, '2026-01-10 00:07:33', '2026-01-10 00:39:39'),
(172, 37, 48, NULL, 'Ruido de motor.', 'Fallo', 0, 'Nissan Versa 2017', 'Pendiente', NULL, NULL, NULL, NULL, NULL, '2026-01-10 00:12:25', '2026-01-10 00:12:25');

SET IDENTITY_INSERT services OFF;

TRUNCATE TABLE services_items;
SET IDENTITY_INSERT services_items ON ;
INSERT INTO services_items (id, service_id, amount, item, supplier, labour, price) VALUES
(1, 1, 1, 'Servicio (mano de obra)', NULL, 1, 1600),
(2, 3, 1, 'Sensor de ABS delantero derecho', 'Original', 0, 1690),
(3, 3, 1, 'Sensor de ABS trasero izquierdo', 'Original', 0, 2380),
(4, 3, 2, 'Orings de anticongelante', 'Original', 0, 80),
(5, 3, 1, 'Orings de aceite', 'Original', 0, 130),
(6, 3, 1, 'Galón de anticongelante', 'Autozone', 0, 290),
(7, 3, 2, 'Litros de aceite de motor', 'Original', 0, 230),
(8, 3, 1, 'Servicio (mano de obra)', NULL, 1, 1500),
(9, 4, 1, 'Sensor de ABS delantero derecho', 'Safe', 0, 780),
(10, 4, 1, 'Sensor de ABS trasero izquierdo', 'Safe', 0, 690),
(17, 2, 1, 'Depósito de anticongelante y wipers', 'Madero', 0, 1735),
(18, 2, 1, 'Tubo de calefacción', 'Madero', 0, 1800),
(19, 2, 1, 'Tubo refrigerante de motor', 'Madero', 0, 1235),
(20, 2, 2, 'Galón de anticongelante', 'Autozone', 0, 299),
(21, 2, 3, 'Abrazaderas', 'Autozone', 0, 30),
(22, 2, 1, 'Líquido para lavar inyectores', 'Ancona', 0, 160),
(23, 2, 1, 'Líquido limpiaparabrisas concentrado', 'Mercedes Benz', 0, 150),
(24, 2, 1, 'Servicio (mano de obra)', NULL, 1, 2900),
(25, 4, 1, 'Servicio (mano de obra)', NULL, 1, 1700),
(26, 7, 1, 'Sensor de ABS delantero izquierdo', 'Safe', 0, 780),
(27, 7, 1, 'Sensor de ABS trasero derecho', 'Safe', 0, 690),
(28, 7, 1, 'Servicio (mano de obra)', NULL, 1, 1200),
(29, 8, 5, 'Litros de aceite de motor', 'Peugeot', 0, 230),
(30, 8, 1, 'Filtro de aceite', 'Ancona', 0, 190),
(31, 8, 4, 'Bujías', 'Ancona', 0, 78),
(32, 8, 1, 'Empaque de cabezote', 'Ancona', 0, 570),
(33, 8, 1, 'Galón de anticongelante', 'Ancona', 0, 240),
(34, 8, 1, 'Carbuclean', 'Ancona', 0, 130),
(35, 8, 1, 'Silicón', 'Ancona', 0, 130),
(36, 8, 1, 'Servicio (mano de obra)', NULL, 1, 3500),
(37, 11, 1, 'Ventilador', 'Mercado Libre', 0, 1600),
(38, 11, 2, 'Varilla de dirección', 'Mercado Libre', 0, 290),
(39, 11, 1, 'Servicio (mano de obra)', NULL, 1, 900),
(40, 6, 4, 'Litros de aceite de motor', 'Peugeot', 0, 230),
(41, 6, 1, 'Filtro de aceite', 'Ancona', 0, 190),
(42, 6, 1, 'Filtro de aire', 'Ancona', 0, 380),
(43, 6, 1, 'Filtro de cabina', 'Ancona', 0, 420),
(44, 6, 4, 'Bujías', 'Ancona', 0, 530),
(45, 6, 1, 'Carbuclean', 'Ancona', 0, 130),
(47, 6, 1, 'Líquido para lavar inyectores', 'Ancona', 0, 150),
(48, 6, 1, 'Líquido limpiaparabrisas concentrado', 'Mercedes Benz', 0, 150),
(49, 6, 5, 'Litros de aceite de transmisión', 'Original', 0, 585),
(50, 6, 1, 'Sikaflex', 'Sika', 0, 290),
(51, 6, 1, 'Paquete de cintillas', 'Autozone', 0, 250),
(52, 6, 1, 'Servicio (mano de obra)', NULL, 1, 4700),
(53, 10, 1, 'Litro de líquido de freno', 'Madero', 0, 280),
(54, 10, 1, 'Foco de luz de cuarto trasero', 'Apymsa', 0, 80),
(55, 10, 1, 'Servicio (mano de obra)', NULL, 1, 2300),
(56, 12, 4, 'Litros de aceite de motor', 'Peugeot', 0, 230),
(57, 14, 4, 'Litros de aceite de motor', 'Peugeot', 0, 230),
(60, 12, 1, 'Filtro de aceite', 'Ancona', 0, 290),
(61, 12, 1, 'Filtro de cabina', 'Ancona', 0, 320),
(62, 12, 4, 'Bujías de platino', 'Ancona', 0, 260),
(63, 12, 1, 'Líquido para lavar inyectores', 'Ancona', 0, 130),
(64, 12, 1, 'Carbuclean', 'Ancona', 0, 130),
(65, 12, 2, 'Varilla de dirección', 'Ancona', 0, 690),
(66, 12, 1, 'Servicio (mano de obra)', NULL, 1, 2200),
(67, 14, 1, 'Filtro de aceite', 'Peugeot', 0, 220),
(68, 14, 1, 'Reparación de manguera de sistema A/C', NULL, 0, 1800),
(69, 14, 1, 'Servicio (mano de obra)', NULL, 1, 400),
(70, 13, 1, 'Manguera de radiador superior', 'Safe', 0, 850),
(71, 13, 1, 'Liga de sensor de nivel de aceite', 'Reinsur', 0, 140),
(72, 13, 1, 'Galón de anticongelante', 'Autozone', 0, 290),
(73, 13, 1, 'Servicio (mano de obra)', NULL, 1, 800),
(74, 12, 1, 'Banda de accesorios', 'Ancona', 0, 580),
(75, 15, 4, 'Litros de aceite de motor', 'Peugeot', 0, 200),
(76, 15, 1, 'Servicio (mano de obra)', NULL, 1, 600),
(78, 6, 1, 'Servicio (mano de obra)', NULL, 1, -800),
(79, 16, 1, 'Sensor de ABS delantero izquierdo', 'Original', 0, 1690),
(80, 16, 1, 'Sensor de ABS trasero derecho', 'Original', 0, 2380),
(81, 16, 1, 'Servicio (mano de obra)', NULL, 1, 800),
(82, 17, 1, 'Servicio (mano de obra)', NULL, 1, 1600),
(83, 18, 1, 'Servicio (mano de obra)', NULL, 1, 500),
(84, 19, 8, 'Litros de aceite de motor', 'Peugeot', 0, 230),
(86, 19, 1, 'Filtro de aceite', 'Autozone', 0, 320),
(87, 19, 1, 'Foco halógeno H7', 'Autozone', 0, 190),
(88, 19, 1, 'Servicio (mano de obra)', NULL, 1, 900),
(89, 5, 1, 'Servicio (mano de obra)', NULL, 1, 1100),
(90, 20, 7, 'Litros de aceite de motor', 'Peugeot', 0, 230),
(91, 20, 1, 'Filtro de aceite', 'Safe', 0, 380),
(92, 20, 1, 'Filtro de aire', 'Safe', 0, 340),
(93, 20, 1, 'Filtro de cabina interior', 'Safe', 0, 395),
(94, 20, 1, 'Filtro de cabina exterior', 'Safe', 0, 340),
(95, 20, 4, 'Bujías de platino', 'Safe', 0, 390),
(96, 20, 1, 'Servicio (mano de obra)', NULL, 1, 1000),
(97, 22, 1, 'Tensor de banda de accesorios', 'Madero', 0, 980),
(98, 22, 1, 'Servicio (mano de obra)', NULL, 1, 800),
(99, 24, 1, 'Galón de anticongelante', 'Autozone', 0, 290),
(100, 24, 1, 'Liga de toma de agua', 'Reinsur', 0, 110),
(101, 24, 1, 'Servicio (mano de obra)', NULL, 1, 1200),
(102, 25, 1, 'Alternador restaurado', NULL, 0, 6000),
(103, 25, 1, 'Terminal tipo ojillo', 'Apymsa', 0, 100),
(104, 25, 1, 'Servicio (mano de obra)', NULL, 1, 1300),
(105, 26, 1, 'Arnés de sensor de cigüeñal', 'Marco arneses', 0, 450),
(106, 26, 1, 'Servicio (mano de obra)', NULL, 1, 900),
(107, 9, 1, 'Servicio (mano de obra)', NULL, 1, 2500),
(108, 29, 1, 'Juego de balatas delanteras', 'Safe', 0, 1250),
(109, 29, 1, 'Sensor de desgaste de freno delantero', 'Safe', 0, 170),
(110, 29, 1, 'Servicio (mano de obra)', NULL, 1, 500),
(111, 30, 1, 'Servicio (mano de obra)', NULL, 1, 400),
(112, 31, 1, 'Servicio (mano de obra)', NULL, 1, 900),
(113, 27, 1, 'Servicio (mano de obra)', NULL, 1, 2800),
(114, 23, 1, 'Servicio (mano de obra)', NULL, 1, 2400),
(115, 32, 1, 'Servicio (mano de obra)', NULL, 1, 800),
(116, 28, 1, 'Servicio (mano de obra)', NULL, 1, 800),
(117, 33, 1, 'Servicio (mano de obra)', NULL, 1, 1800),
(118, 35, 2, 'Foco de xenón', 'Safe', 0, 380),
(119, 35, 1, 'Purguero de depósito de anticongelante', 'Safe', 0, 220),
(120, 36, 1, 'Kit de balero con reten de rueda', 'Central de baleros', 0, 3073),
(121, 36, 4, 'Litros de aceite de transmisión manual', 'Ancona', 0, 175),
(122, 36, 1, 'Servicio (mano de obra)', NULL, 1, 1800),
(123, 37, 1, 'Motor de arranque', 'Pineda', 0, 3000),
(124, 35, 1, 'Servicio (mano de obra)', NULL, 1, 600),
(125, 38, 2, 'Rotulas', 'Kaua', 0, 490),
(126, 38, 1, 'Base de motor', 'Kaua', 0, 2793),
(127, 38, 1, 'Servicio (mano de obra)', NULL, 1, 1200),
(129, 37, 1, 'Sensor de ABS trasero izquierdo', 'Original', 0, 2750),
(130, 37, 1, 'Servicio (mano de obra)', NULL, 1, 1800),
(139, 42, 1, 'Servicio (mano de obra)', NULL, 1, 3000),
(140, 41, 1, 'Servicio (mano de obra)', NULL, 1, 500),
(141, 43, 1, 'Servicio (mano de obra)', NULL, 1, 400),
(142, 21, 1, 'Servicio (mano de obra)', NULL, 1, 1800),
(143, 48, 1, 'Servicio (mano de obra)', NULL, 1, 3000),
(144, 49, 1, 'Servicio (mano de obra)', NULL, 1, 300),
(145, 50, 1, 'Termostato', 'Autozone', 0, 2380),
(146, 50, 1, 'Sensor de temperatura', 'Autozone', 0, 378),
(147, 50, 1, 'Servicio (mano de obra)', NULL, 1, 1100),
(148, 34, 1, 'Servicio (mano de obra)', NULL, 1, 1800),
(149, 53, 1, 'Servicio (mano de obra)', NULL, 1, 1500),
(150, 54, 1, 'Servicio (mano de obra)', NULL, 1, 7000),
(151, 52, 1, 'Amortiguador delantero', 'Safe', 0, 3280),
(152, 52, 1, 'Base de amortiguador delantero', 'Safe', 0, 1350),
(153, 52, 1, 'Servicio (mano de obra)', NULL, 1, 800),
(166, 44, 1, 'Servicio (mano de obra)', NULL, 1, 300),
(167, 56, 1, 'Servicio (mano de obra)', NULL, 1, 900),
(168, 55, 5, 'Litros de aceite de motor', 'Ancona', 0, 230),
(169, 55, 1, 'Filtro de aceite', 'Ancona', 0, 180),
(170, 55, 1, 'Filtro de gasolina', 'Ancona', 0, 190),
(171, 55, 1, 'Filtro de cabina', 'Ancona', 0, 420),
(172, 55, 4, 'Bujías', 'Ancona', 0, 135),
(173, 55, 1, 'Líquido para lavar inyectores', 'Ancona', 0, 200),
(174, 55, 1, 'Carbuclean', 'Ancona', 0, 100),
(175, 55, 2, 'Litros de aceite de transmisión', 'Autozone', 0, 490),
(176, 55, 1, 'Servicio (mano de obra)', NULL, 1, 2300),
(177, 57, 4, 'Bujes de horquilla', 'Kaua', 0, 370),
(178, 57, 1, 'Servicio (mano de obra)', NULL, 1, 1200),
(179, 57, 1, 'I.V.A.', 'Taller', 0, 428.8),
(180, 58, 1, 'Empaque de tapa de punterías', 'Kaua', 0, 290),
(181, 58, 1, 'Carbuclean', 'Ancona', 0, 130),
(182, 58, 1, 'Manguera de anticongelante', 'Ancona', 0, 320),
(183, 58, 2, 'Abrazaderas', 'Teresita', 0, 30),
(184, 58, 1, 'Servicio (mano de obra)', NULL, 1, 900),
(185, 58, 1, 'I.V.A.', 'Taller', 0, 272),
(186, 59, 1, 'Servicio (mano de obra)', NULL, 1, 800),
(187, 60, 1, 'Servicio (mano de obra)', NULL, 1, 600),
(188, 61, 1, 'Servicio (mano de obra)', NULL, 1, 1200),
(189, 63, 1, 'Servicio (mano de obra)', NULL, 1, 1200),
(190, 62, 1, 'Radiador', 'Ancona', 0, 1680),
(191, 62, 1, 'Empaque de tapa de punterías', 'Ancona', 0, 560),
(192, 62, 1, 'Trípode', 'Ancona', 0, 490),
(193, 62, 1, 'Cubre polvo de flecha homocinética', 'Ancona', 0, 360),
(194, 62, 1, 'Anticongelante', 'Ancona', 0, 290),
(195, 62, 1, 'Carbuclean', 'Ancona', 0, 120),
(196, 62, 1, 'Abrazadera', 'Ancona', 0, 35),
(197, 62, 1, 'Servicio (mano de obra)', NULL, 1, 1800),
(198, 66, 1, 'Servicio (mano de obra)', NULL, 1, 800),
(201, 65, 1, 'Kit de Cluth', 'Mercado Libre', 0, 4050),
(202, 65, 1, 'Servicio (mano de obra)', NULL, 1, 3500),
(203, 67, 1, 'Bobina de encendido', 'Ancona', 0, 935),
(204, 67, 4, 'Bujías de platino', 'Ancona', 0, 224),
(205, 67, 1, 'Servicio (mano de obra)', NULL, 1, 900),
(206, 68, 5, 'Litros de aceite de motor', 'Ancona', 0, 200),
(207, 68, 1, 'Filtro de aceite', 'Ancona', 0, 240),
(208, 68, 1, 'Filtro de aire', 'Ancona', 0, 320),
(209, 68, 1, 'Filtro de cabina', 'Ancona', 0, 140),
(210, 68, 4, 'Bujías de platino', 'Ancona', 0, 265),
(211, 68, 1, 'Líquido para lavar inyectores', 'Ancona', 0, 200),
(212, 68, 1, 'Servicio (mano de obra)', NULL, 1, 1500),
(213, 70, 5, 'Litros de aceite de motor', 'Ancona', 0, 230),
(214, 70, 1, 'Filtro de aceite', 'Ancona', 0, 230),
(215, 70, 1, 'Filtro de aire', 'Ancona', 0, 280),
(216, 70, 1, 'Filtro de cabina', 'Ancona', 0, 250),
(217, 70, 4, 'Bujías de platino', 'Ancona', 0, 85),
(218, 70, 1, 'Carbuclean', 'Ancona', 0, 100),
(219, 70, 1, 'Líquido para lavar inyectores', 'Ancona', 0, 200),
(220, 70, 1, 'Servicio (mano de obra)', NULL, 1, 1650),
(221, 69, 1, 'Alternador', 'Pineda', 0, 4675),
(223, 69, 1, 'Manguera de radiador superior', 'Autozone', 0, 2580),
(224, 69, 1, 'Anticongelante', 'Autozone', 0, 290),
(225, 69, 1, 'Servicio (mano de obra)', NULL, 1, 1700),
(226, 71, 2, 'Tapas de cierre de motor', 'Original', 0, 490),
(227, 71, 1, 'Liga de sensor de nivel de aceite', 'Reinsur', 0, 180),
(228, 71, 1, 'Manguera de respiradero de tapa de punterías', 'Original', 0, 1480),
(229, 71, 1, 'Valvula PCV', 'Safe', 0, 560),
(230, 71, 1, 'Foco halógeno H8', 'Autozone', 0, 155),
(231, 71, 1, 'Carbuclean', 'Ancona', 0, 100),
(232, 71, 1, 'Litros de aceite de motor', 'Ancona', 0, 230),
(233, 71, 1, 'Servicio (mano de obra)', NULL, 1, 1900),
(234, 72, 4, 'Orings de inyectores', NULL, 0, 25),
(235, 72, 1, 'Servicio (mano de obra)', NULL, 1, 800),
(236, 73, 2, 'Bujes grande de horquilla', 'Grob', 0, 446),
(237, 73, 2, 'Terminales de dirección', 'Ancona', 0, 633),
(238, 73, 2, 'Tornilos estabilizadores', 'Grob', 0, 615),
(239, 73, 1, 'Juego de gomas de barra estabilizadora delantera', 'Ancona', 0, 269),
(240, 73, 1, 'Juego de gomas de barra estabilizadora trasera', 'Autozone', 0, 358),
(241, 73, 1, 'Sikaflex', 'Sika', 0, 300),
(242, 73, 1, 'Servicio (mano de obra)', NULL, 1, 2985),
(243, 64, 1, 'Empaque de cabezote', 'Safe', 0, 780),
(244, 64, 1, 'Silicón', 'Ancona', 0, 180),
(245, 64, 1, 'Anticongelante', 'Autozone', 0, 290),
(246, 64, 6, 'Litros de aceite de motor', 'Ancona', 0, 230),
(247, 64, 1, 'Filtro de aceite', 'Safe', 0, 260),
(248, 64, 1, 'Servicio (mano de obra)', NULL, 1, 3500),
(250, 40, 1, 'Radiador', 'Ancona', 0, 2800),
(251, 40, 2, 'Galón de anticongelante', 'Autozone', 0, 290),
(252, 40, 1, 'Servicio (mano de obra)', NULL, 1, 900),
(253, 64, 1, 'Corte y rectificado de cabezote', NULL, 0, 2500),
(254, 74, 2, 'Empaque de tapa de punterías', 'Safe', 0, 550),
(256, 74, 1, 'Servicio (mano de obra)', NULL, 1, 1200),
(257, 77, 5, 'Litros de aceite de motor', 'Ancona', 0, 230),
(258, 77, 1, 'Filtro de aceite', 'Ancona', 0, 90),
(259, 77, 1, 'Filtro de aire', NULL, 0, 198),
(260, 77, 1, 'Filtro de gasolina', NULL, 0, 89),
(261, 77, 4, 'Bujías de platino', NULL, 0, 80),
(262, 77, 1, 'Líquido para lavar inyectores', NULL, 0, 200),
(263, 77, 1, 'Carbuclean', NULL, 0, 130),
(267, 77, 1, 'Bomba de gasolina', NULL, 0, 2415),
(270, 77, 1, 'I.V.A.', NULL, 0, 1182.72),
(271, 76, 2, 'Amortiguador delantero', 'Grob', 0, 1390),
(272, 76, 2, 'Base de amortiguador delantero', 'Grob', 0, 1250),
(273, 76, 2, 'Terminales de dirección', 'Grob', 0, 650),
(274, 76, 2, 'Tornilos estabilizadores', 'Grob', 0, 590),
(275, 76, 1, 'Servicio (mano de obra)', NULL, 1, 2800),
(276, 75, 2, 'Arnés de sensor de árbol de levas', 'Arneses', 0, 380),
(277, 75, 1, 'Servicio (mano de obra)', NULL, 1, 900),
(279, 77, 1, 'Servicio (mano de obra)', NULL, 1, 800),
(280, 51, 1, 'Full set', 'Ancona', 0, 2476),
(281, 51, 1, 'Kit de distribución', 'Ancona', 0, 3298),
(282, 51, 1, 'Bomba de aceite', 'Ancona', 0, 1547),
(283, 51, 1, 'Carter', 'Ancona', 0, 3400),
(284, 51, 4, 'Litros de aceite de motor', 'Ancona', 0, 200),
(285, 51, 1, 'Filtro de aceite', 'Ancona', 0, 280),
(286, 51, 1, 'Silicón', 'Ancona', 0, 190),
(287, 51, 1, 'Carbuclean', 'Ancona', 0, 130),
(288, 51, 6, 'Abrazaderas', NULL, 0, 30),
(289, 51, 2, 'Mangueras', NULL, 0, 280),
(290, 51, 1, 'Juego de pistones', NULL, 0, 1920),
(291, 51, 1, 'Juego de anillos', NULL, 0, 949),
(292, 51, 1, 'Juego de metales de biela', NULL, 0, 440),
(293, 51, 1, 'Juego de metales de bancada', NULL, 0, 506),
(294, 51, 1, 'Juego de axiales', NULL, 0, 150),
(295, 51, 1, 'Biela', NULL, 0, 700),
(296, 51, 1, 'Mano de obra de rectificadora', NULL, 0, 5800),
(297, 51, 1, 'Servicio (mano de obra)', NULL, 1, 10500),
(298, 80, 1, 'Arnés de sensor MAF', 'Arneses', 0, 420),
(299, 80, 1, 'Estaño', NULL, 0, 100),
(300, 80, 1, 'Cinta adhesiva', NULL, 0, 30),
(303, 80, 1, 'Servicio (mano de obra)', NULL, 1, 600),
(304, 81, 1, 'Servicio (mano de obra)', NULL, 1, 300),
(305, 78, 1, 'Par de claxon', 'Ancona', 0, 290),
(306, 78, 2, 'Relevadores', 'Ancona', 0, 30),
(307, 78, 8, 'Metros de cable', 'Arneses', 0, 70),
(308, 78, 1, 'Cinta adhesiva', 'Arneses', 0, 30),
(309, 78, 2, 'Fusibles', 'Arneses', 0, 15),
(310, 78, 1, 'Reparación de transmisión manual', NULL, 0, 5500),
(311, 78, 1, 'Kit de Cluth', 'Original', 0, 3200),
(312, 78, 3, 'Litros de aceite de transmisión manual', 'Original', 0, 200),
(313, 78, 2, 'Porta fusibles', 'Arneses', 0, 30),
(314, 78, 1, 'Servicio (mano de obra)', NULL, 1, 4500),
(315, 82, 1, 'Base de motor', NULL, 0, 806),
(316, 82, 1, 'Base de motor superior', NULL, 0, 513),
(317, 82, 1, 'Base de transmisión', NULL, 0, 228),
(318, 82, 1, 'Base de transmisión inferior (hueso)', NULL, 0, 465),
(319, 82, 2, 'Varilla de dirección', NULL, 0, 158),
(320, 82, 2, 'Terminal de dirección', NULL, 0, 214),
(321, 82, 2, 'Horquillas', NULL, 0, 812),
(322, 82, 2, 'Amortiguador delantero', NULL, 0, 957),
(323, 82, 2, 'Base de amortiguador delantero', NULL, 0, 642),
(324, 82, 2, 'Tornilos estabilizadores', NULL, 0, 173),
(325, 82, 4, 'Litros de aceite de motor', NULL, 0, 230),
(326, 82, 1, 'Filtro de aceite', NULL, 0, 120),
(327, 82, 1, 'Filtro de aire', NULL, 0, 145),
(328, 82, 4, 'Bujías de platino', NULL, 0, 190),
(329, 82, 1, 'Líquido para lavar inyectores', NULL, 0, 200),
(330, 82, 1, 'Banda de accesorios', NULL, 0, 388),
(332, 83, 8, 'Litros de aceite de transmisión', NULL, 0, 480),
(333, 83, 1, 'Radiador', NULL, 0, 4200),
(334, 83, 1, 'Metro de manguera', NULL, 0, 280),
(335, 83, 4, 'Abrazaderas', NULL, 0, 20),
(336, 83, 1, 'Anticongelante', NULL, 0, 290),
(337, 83, 1, 'Servicio (mano de obra)', NULL, 1, 3200),
(338, 79, 1, 'Sensor de árbol de levas', 'Mercado Libre', 0, 680),
(339, 79, 1, 'Sensor de detonación', 'Mercado Libre', 0, 720),
(340, 79, 1, 'Líquido para lavar inyectores', 'Kaua', 0, 200),
(341, 79, 1, 'Filtro de gasolina', 'Kaua', 0, 320),
(342, 79, 1, 'Servicio (mano de obra)', NULL, 1, 2200),
(343, 84, 1, 'Bomba de freno', NULL, 0, 1200),
(344, 84, 1, 'Líquido de frenos', NULL, 0, 100),
(345, 84, 1, 'Servicio (mano de obra)', NULL, 1, 400),
(346, 85, 1, 'Servicio (mano de obra)', NULL, 1, 500),
(347, 86, 1, 'Empaque de enfriador de aceite de motor', 'Safe', 0, 680),
(352, 86, 3, 'Litros de aceite de motor', NULL, 0, 230),
(353, 86, 1, 'Anticongelante', NULL, 0, 290),
(354, 86, 1, 'Carbuclean', NULL, 0, 120),
(355, 86, 1, 'Servicio (mano de obra)', NULL, 1, 1200),
(358, 87, 1, 'Metros de cable #8', NULL, 0, 380),
(359, 87, 4, 'Terminal tipo ojillo', NULL, 0, 15),
(360, 87, 1, 'Cinta aislante', NULL, 0, 40),
(361, 87, 1, 'Estaño', NULL, 0, 100),
(362, 87, 1, 'Metro de corrugado', NULL, 0, 80),
(363, 87, 2, 'Ventiladores', NULL, 0, 1450),
(365, 82, 1, 'Solenoide de motor de arranque', 'Pineda', 0, 600),
(366, 82, 1, 'Porta carbones de motor de arranque', 'Pineda', 0, 180),
(367, 82, 1, 'Servicio (mano de obra)', NULL, 1, 6700),
(368, 89, 1, 'Termostato', 'Ancona', 0, 380),
(369, 89, 4, 'Litros de aceite de motor', NULL, 0, 230),
(370, 89, 1, 'Filtro de aceite', 'Ancona', 0, 280),
(371, 89, 1, 'Filtro de aire', 'Ancona', 0, 465),
(372, 89, 1, 'Filtro de cabina', 'Ancona', 0, 390),
(373, 89, 4, 'Bujías', 'Ancona', 0, 85),
(374, 89, 1, 'Líquido para lavar inyectores', 'Ancona', 0, 200),
(375, 89, 1, 'Carbuclean', 'Ancona', 0, 100),
(376, 89, 1, 'Tapa de radiador', NULL, 0, 280),
(377, 89, 1, 'Servicio (mano de obra)', NULL, 1, 2900),
(378, 90, 9, 'Litros de aceite de motor', NULL, 0, 230),
(379, 90, 1, 'Filtro de aceite', 'Safe', 0, 280),
(380, 90, 1, 'Filtro de aire', 'Safe', 0, 295),
(381, 90, 1, 'Filtro de cabina', 'Safe', 0, 470),
(382, 90, 6, 'Bujías de platino', 'Safe', 0, 340),
(383, 90, 1, 'Bobina de encendido', 'Safe', 0, 1300),
(384, 90, 2, 'Discos de freno delanteros', 'Safe', 0, 1480),
(385, 90, 2, 'Discos de freno traseros', 'Safe', 0, 1240),
(386, 90, 2, 'Tornillos estabilizadores', 'Safe', 0, 485),
(392, 90, 1, 'Servicio (mano de obra)', NULL, 1, 3400),
(393, 92, 1, 'Empaque de múltiple de admisión', 'Autozone', 0, 280),
(394, 92, 2, 'Mangueras de vacío', NULL, 0, 70),
(395, 92, 1, 'Carbuclean', 'Autozone', 0, 100),
(397, 91, 1, 'Servicio (mano de obra)', NULL, 1, 900),
(398, 94, 1, 'Servicio (mano de obra)', NULL, 1, 900),
(399, 95, 1, 'Kit de distribución', 'Mercado Libre', 0, 3200),
(400, 96, 1, 'Servicio (mano de obra)', NULL, 1, 700),
(401, 97, 4, 'Litros de aceite de motor', NULL, 0, 230),
(402, 97, 1, 'Filtro de aceite', NULL, 0, 180),
(403, 97, 1, 'Filtro de aire', NULL, 0, 190),
(404, 97, 4, 'Bujías de platino', NULL, 0, 230),
(405, 97, 1, 'Líquido para lavar inyectores', NULL, 0, 200),
(406, 97, 1, 'Carbuclean', NULL, 0, 130),
(407, 97, 1, 'Servicio (mano de obra)', NULL, 1, 1400),
(408, 98, 1, 'Servicio (mano de obra)', NULL, 1, 300),
(409, 99, 1, 'Servicio (mano de obra)', NULL, 1, 300),
(410, 92, 1, 'Servicio (mano de obra)', NULL, 1, 1200),
(413, 101, 2, 'Soportes de fascia', 'Original', 0, 260),
(414, 101, 9, 'Grapas para pija', NULL, 0, 15),
(415, 101, 11, 'Pijas', NULL, 0, 3),
(416, 101, 11, 'Rondanas', NULL, 0, 1),
(418, 101, 1, 'Servicio (mano de obra)', NULL, 1, 400),
(419, 103, 1, 'Alternador', NULL, 0, 4800),
(420, 103, 1, 'Servicio (mano de obra)', NULL, 1, 1200),
(421, 104, 1, 'Amortiguador delantero', 'Safe', 0, 3180),
(422, 104, 1, 'Base de amortiguador delantero', 'Safe', 0, 890),
(423, 104, 1, 'Batería de llave', NULL, 0, 300),
(424, 104, 1, 'Servicio (mano de obra)', NULL, 1, 800),
(425, 39, 1, 'Servicio (mano de obra)', NULL, 1, 10000),
(426, 105, 1, 'Fascia delantera', NULL, 0, 9000),
(427, 105, 1, 'Absorbedor de impacto delantero', NULL, 0, 3900),
(428, 105, 1, 'Sensor de temperatura exterior', NULL, 0, 890),
(429, 105, 1, 'Parrilla', NULL, 0, 4600),
(430, 105, 1, 'Cofre', NULL, 0, 6400),
(431, 105, 1, 'Sujección de parrilla', NULL, 0, 1800),
(432, 105, 2, 'Faros delanteros', NULL, 0, 9000),
(433, 105, 1, 'Marco de radiador', NULL, 0, 6200),
(435, 105, 2, 'Bases de absorbedor de impacto', NULL, 0, 2800),
(436, 105, 1, 'Ref. delantero superior derecho', NULL, 0, 2200),
(437, 105, 1, 'Ref. delantero superior izquierdo', NULL, 0, 2200),
(438, 105, 1, 'Tirante de suspensión izquierdo', NULL, 0, 1900),
(439, 105, 1, 'Tirante travesaño izquierdo', NULL, 0, 2400),
(440, 105, 1, 'Tolva de radiador', NULL, 0, 3600),
(441, 105, 1, 'Radiador', NULL, 0, 4300),
(442, 105, 1, 'Intercooler', NULL, 0, 5300),
(443, 105, 1, 'Sensor de impacto de airbag', NULL, 0, 890),
(444, 105, 1, 'Par de claxon', NULL, 0, 1800),
(445, 105, 1, 'Arnés de neblinero izquierdo', NULL, 0, 800),
(446, 105, 1, 'Sección de guardafangos delantero izquierdo', NULL, 0, 1350),
(447, 105, 1, 'Guías de fascia', NULL, 0, 1300),
(448, 105, 1, 'Reparación de bisagras de cofre', NULL, 0, 1600),
(449, 105, 1, 'Reparación de salpicadera izquierda', NULL, 0, 3800),
(450, 105, 1, 'Reparación de sapicadera derecha', NULL, 0, 3800),
(451, 105, 1, 'Reparación de poste -A- exterior izquierdo', NULL, 0, 3600),
(452, 105, 1, 'Reparación de poste -A- exterior derecho', NULL, 0, 3600),
(453, 105, 1, 'Reparación de cerradura superior', NULL, 0, 800),
(454, 105, 1, 'Absorbedor de impacto de aluminio', NULL, 0, 4900),
(455, 106, 1, 'Kit de Cluth', NULL, 0, 2700),
(456, 106, 1, 'Carbuclean', NULL, 0, 130),
(457, 106, 1, 'Porta carbones de motor de arranque', NULL, 0, 350),
(458, 106, 1, 'Solenoide de motor de arranque', NULL, 0, 980),
(459, 106, 1, 'Reparación de motor de arranque', NULL, 0, 1200),
(460, 106, 1, 'Servicio (mano de obra)', NULL, 1, 3000),
(461, 107, 8, 'Litros de aceite de motor', NULL, 0, 230),
(462, 107, 1, 'Filtro de aceite', NULL, 0, 280),
(463, 107, 1, 'Juego de balatas delanteras', NULL, 0, 1600),
(464, 107, 1, 'Juego de balatas traseras', NULL, 0, 1300),
(465, 107, 4, 'Rectificación de disco', NULL, 0, 200),
(466, 107, 1, 'Limpiador de frenos', NULL, 0, 130),
(467, 107, 1, 'Servicio (mano de obra)', NULL, 1, 2000),
(468, 108, 1, 'Empaque de tapa de punterías', 'Ancona', 0, 380),
(469, 108, 1, 'Carbuclean', 'Ancona', 0, 130),
(470, 108, 1, 'Servicio (mano de obra)', NULL, 1, 800),
(471, 109, 1, 'Full set', NULL, 0, 6400),
(472, 109, 1, 'Juego de metales de bancada', NULL, 0, 2300),
(473, 109, 1, 'Juego de metales de biela', NULL, 0, 1800),
(474, 109, 1, 'Juego de anillos', NULL, 0, 2900),
(475, 109, 2, 'VANOS', NULL, 0, 5600),
(476, 109, 1, 'Válvula de control de bomba de aceite', NULL, 0, 2600),
(477, 109, 24, 'Buzos', NULL, 0, 390),
(478, 109, 1, 'Árbol de levas', NULL, 0, 3800),
(479, 109, 1, 'Bomba de aceite', NULL, 0, 4700),
(480, 109, 1, 'Kit de distribución', NULL, 0, 2480),
(482, 109, 1, 'Kit de cadena de bomba de aceite', NULL, 0, 2380),
(483, 109, 1, 'Manguera de ventilación de carter de 3 líneas', NULL, 0, 980),
(484, 109, 6, 'Litros de aceite de motor', NULL, 0, 230),
(485, 109, 6, 'Bujías de platino', NULL, 0, 220),
(486, 109, 2, 'Anticongelante', NULL, 0, 320),
(487, 109, 2, 'Carbuclean', NULL, 0, 130),
(489, 109, 1, 'Servicio y mano de obra de rectificadora', NULL, 0, 9500),
(490, 109, 1, 'Servicio (mano de obra)', NULL, 1, 14000),
(491, 110, 5, 'Litros de aceite de motor', NULL, 0, 230),
(493, 110, 1, 'Filtro de aceite', NULL, 0, 290),
(494, 110, 1, 'Carbuclean', NULL, 0, 130),
(495, 110, 1, 'Servicio (mano de obra)', NULL, 1, 400),
(496, 111, 1, 'Servicio (mano de obra)', NULL, 1, 800),
(497, 112, 4, 'Litros de aceite de motor', NULL, 0, 230),
(500, 112, 1, 'Filtro de aceite', NULL, 0, 220),
(501, 112, 1, 'Carbuclean', NULL, 0, 130),
(502, 112, 1, 'Servicio (mano de obra)', NULL, 1, 400),
(503, 113, 1, 'Servicio (mano de obra)', NULL, 1, 150),
(504, 114, 5, 'Litros de aceite de motor', NULL, 0, 230),
(505, 114, 1, 'Filtro de aceite', NULL, 0, 240),
(506, 114, 1, 'Base de motor', NULL, 0, 1320),
(507, 114, 1, 'Base de torsión superior', NULL, 0, 880),
(508, 114, 1, 'Base de transmisión', NULL, 0, 1080),
(509, 114, 1, 'Carbuclean', NULL, 0, 130),
(510, 114, 1, 'Servicio (mano de obra)', NULL, 1, 1800),
(512, 95, 1, 'Vareador de admisión (Usado)', NULL, 0, 8700),
(513, 95, 1, 'Servicio (mano de obra)', NULL, 1, 3900),
(514, 115, 2, 'Bases de motor', NULL, 0, 1900),
(515, 115, 1, 'Base de transmisión', NULL, 0, 1100),
(516, 115, 1, 'Soplador de aire acondicionado', 'Mercado Libre', 0, 2400),
(517, 115, 1, 'Servicio (mano de obra)', NULL, 1, 2800),
(518, 88, 1, 'Anticongelante', NULL, 0, 290),
(519, 88, 1, 'Gasolina', NULL, 0, 200),
(520, 88, 1, 'Servicio (mano de obra)', NULL, 1, 1800),
(521, 118, 2, 'Horquillas', NULL, 0, 1800),
(522, 118, 1, 'Servicio (mano de obra)', NULL, 1, 800),
(523, 117, 1, 'Juego de balatas delanteras', NULL, 0, 980),
(524, 117, 1, 'Juego de balatas traseras', NULL, 0, 880),
(525, 117, 4, 'Bujías de platino', NULL, 0, 140),
(526, 117, 2, 'Tornillos estabilizadores', NULL, 0, 420),
(527, 117, 6, 'Litros de aceite de transmisión', NULL, 0, 280),
(528, 117, 4, 'Lavado de inyectores por laboratorio', NULL, 0, 350),
(529, 117, 4, 'Rectificación de disco', NULL, 0, 200),
(530, 117, 1, 'Servicio (mano de obra)', NULL, 1, 4200),
(531, 87, 1, 'Par de resistencias de ventiladores', NULL, 0, 1600),
(532, 87, 1, 'Servicio (mano de obra)', NULL, 1, 2700),
(533, 119, 2, 'Tornillos estabilizadores', 'Kaua', 0, 280),
(535, 121, 1, 'Cambio de base de cristal en elevador trasero derecho', NULL, 0, 2300),
(539, 119, 1, 'Balero delantero', NULL, 0, 460),
(540, 119, 1, 'Servicio (mano de obra)', NULL, 1, 2400),
(544, 122, 2, 'Maza delantera', NULL, 0, 970),
(545, 122, 2, 'Balero delantero', NULL, 0, 460),
(546, 122, 2, 'Maza-balero trasero', NULL, 0, 1200),
(547, 122, 16, 'Birlo de rueda', NULL, 0, 55),
(548, 122, 1, 'Servicio (mano de obra)', NULL, 1, 2400),
(550, 120, 1, 'Reparación de motor de arranque', NULL, 0, 2300),
(551, 120, 1, 'Servicio (mano de obra)', NULL, 1, 1700),
(552, 123, 1, 'Juego de balatas delanteras', 'Safe', 0, 1460),
(553, 123, 1, 'Sensor de desgaste de freno delantero', 'Safe', 0, 380),
(558, 123, 2, 'Rectificación de disco', NULL, 0, 200),
(559, 123, 5, 'Litros de aceite de motor', NULL, 0, 230),
(560, 123, 1, 'Filtro de aceite', 'Safe', 0, 350),
(561, 123, 1, 'Servicio (mano de obra)', NULL, 1, 500),
(581, 124, 1, 'Bomba de agua original', NULL, 0, 11650),
(582, 124, 1, 'Anticongelante', NULL, 0, 290),
(583, 124, 6, 'Litros de aceite de motor', NULL, 0, 230),
(584, 124, 1, 'Filtro de aceite', NULL, 0, 380),
(585, 124, 1, 'Servicio (mano de obra)', NULL, 1, 2200),
(587, 121, 1, 'Batería', 'Mercado Libre', 0, 3060),
(588, 121, 1, 'Servicio (mano de obra)', NULL, 1, 1500),
(589, 126, 5, 'Litros de aceite de motor', NULL, 0, 230),
(590, 126, 1, 'Filtro de aceite', NULL, 0, 290),
(591, 126, 1, 'Líquido anti-hongos', NULL, 0, 200),
(592, 126, 1, 'Servicio (mano de obra)', NULL, 1, 800),
(593, 127, 1, 'Cerradura de puerta delantera derecha', NULL, 0, 1680),
(594, 127, 1, 'Servicio (mano de obra)', NULL, 1, 900),
(595, 128, 1, 'Servicio (mano de obra)', NULL, 1, 1000),
(596, 129, 1, 'Tapa de radiador', 'Kaua', 0, 190),
(597, 129, 1, 'Termostato primario', NULL, 0, 620),
(598, 129, 1, 'Termostato secundario', NULL, 0, 483),
(599, 129, 2, 'Varilla de dirección', NULL, 0, 540),
(600, 129, 2, 'Terminal de dirección', NULL, 0, 341),
(601, 129, 1, 'Juego de gomas de barra estabilizadora delantera', NULL, 0, 214),
(602, 129, 1, 'Anticongelante', NULL, 0, 290),
(604, 129, 1, 'Servicio (mano de obra)', NULL, 1, 2800),
(605, 130, 1, 'Bomba de agua', NULL, 0, 5780),
(606, 130, 1, 'Termostato', NULL, 0, 350),
(607, 130, 2, 'Anticongelante', NULL, 0, 290),
(608, 130, 1, 'Servicio (mano de obra)', NULL, 1, 7000),
(609, 131, 4, 'Litros de aceite de motor', NULL, 0, 230),
(610, 131, 1, 'Filtro de aceite', NULL, 0, 280),
(611, 131, 1, 'Filtro de aire', NULL, 0, 340),
(612, 131, 1, 'Filtro de cabina', NULL, 0, 320),
(613, 131, 4, 'Bujías de platino', NULL, 0, 230),
(614, 131, 1, 'Líquido para lavar inyectores', NULL, 0, 200),
(615, 131, 1, 'Carbuclean', NULL, 0, 130),
(616, 131, 1, 'Juego de balatas delanteras', NULL, 0, 759),
(617, 131, 1, 'Radiador', NULL, 0, 1080),
(618, 131, 2, 'Abrazaderas', NULL, 0, 30),
(619, 131, 2, 'Rectificación de disco', NULL, 0, 200),
(620, 131, 1, 'Servicio (mano de obra)', NULL, 1, 2800),
(621, 132, 1, 'Base de motor', NULL, 0, 2300),
(622, 132, 1, 'Base de transmisión', NULL, 0, 1400),
(623, 132, 1, 'Base de torsión inferior', NULL, 0, 1100),
(624, 132, 1, 'Servicio (mano de obra)', NULL, 1, 1500),
(625, 133, 1, 'Manguera de válvula EVAP', NULL, 0, 2400),
(626, 133, 2, 'Amortiguadores trasero', NULL, 0, 4500),
(627, 134, 1, 'Base de filtro de aceite', NULL, 0, 3860),
(628, 134, 1, 'Sensor de bomba de aceite', NULL, 0, 1890),
(629, 134, 1, 'Conector de sensor de bomba de aceite', NULL, 0, 890),
(631, 134, 1, 'Servicio (mano de obra)', NULL, 1, 800),
(632, 135, 1, 'Servicio (mano de obra)', NULL, 1, 900),
(633, 125, 1, 'Empaque de cabezote', NULL, 0, 850),
(634, 125, 1, 'Juego de sellos de válvula', NULL, 0, 450),
(635, 125, 1, 'Mano de obra de rectificadora', NULL, 0, 4300),
(636, 125, 1, 'Empaque de tapa de punterías', NULL, 0, 580),
(637, 125, 1, 'Empaque de múltiple de admisión', NULL, 0, 260),
(638, 125, 1, 'Bomba de agua', NULL, 0, 1200),
(639, 125, 1, 'Termostato primario', NULL, 0, 620),
(640, 125, 1, 'Termostato secundario', NULL, 0, 483),
(641, 125, 2, 'Anticongelante', NULL, 0, 290),
(642, 125, 5, 'Litros de aceite de motor', NULL, 0, 230),
(643, 125, 1, 'Filtro de aceite', NULL, 0, 280),
(644, 125, 4, 'Bujías de platino', NULL, 0, 140),
(645, 125, 1, 'Filtro de aire', NULL, 0, 270),
(646, 125, 1, 'Líquido para lavar inyectores', NULL, 0, 200),
(647, 125, 2, 'Carbuclean', NULL, 0, 130),
(648, 125, 1, 'Silicón', NULL, 0, 260),
(649, 125, 1, 'Servicio (mano de obra)', NULL, 1, 4800),
(650, 125, 1, 'Válvula VVT de admisión', NULL, 0, 870),
(651, 125, 1, 'Válvula VVT de escape', NULL, 0, 940),
(661, 116, 1, 'Kit de distribución', NULL, 0, 1650),
(662, 116, 16, 'Sello de válvula', NULL, 0, 245),
(663, 116, 1, 'Base de enfriador de aceite', NULL, 0, 2100),
(664, 116, 4, 'Bujías de platino', NULL, 0, 380),
(665, 116, 1, 'Manguera delgada de anticongelante', NULL, 0, 620),
(666, 116, 1, 'Base de transmisión', NULL, 0, 2930),
(671, 116, 1, 'Base de torsión inferior', NULL, 0, 1680),
(672, 116, 1, 'Base de torsión superior', NULL, 0, 1330),
(673, 116, 1, 'Base de motor', NULL, 0, 2820),
(674, 116, 1, 'Tensor de banda de accesorios', NULL, 0, 890),
(675, 116, 1, 'Caja de termostato', NULL, 0, 1450),
(676, 116, 1, 'Empaque de bomba de vacío', NULL, 0, 240),
(677, 116, 4, 'Empaque de múltiple de admisión', NULL, 0, 280),
(678, 116, 1, 'Empaque de cabezote', NULL, 0, 930),
(679, 116, 1, 'Polea loca', NULL, 0, 390),
(680, 116, 1, 'Retén de cigüeñal delantero', NULL, 0, 290),
(681, 116, 1, 'Retén de cigüeñal trasero', NULL, 0, 680),
(682, 116, 1, 'Juego de tapas de cierre', NULL, 0, 840),
(683, 116, 1, 'Servicio y mano de obra de rectificadora', NULL, 0, 5000),
(684, 116, 1, 'Reparación de soporte inferior', NULL, 0, 1000),
(685, 116, 1, 'Servicio (mano de obra)', NULL, 1, 16000),
(686, 137, 1, 'Empaque de cabezote', NULL, 0, 850),
(687, 137, 1, 'Juego de sellos de válvula', NULL, 0, 450),
(688, 137, 1, 'Mano de obra de rectificadora', NULL, 0, 4300),
(689, 137, 1, 'Empaque de tapa de punterías', NULL, 0, 580),
(690, 137, 1, 'Empaque de múltiple de admisión', NULL, 0, 260),
(691, 137, 1, 'Bomba de agua', NULL, 0, 1200),
(692, 137, 5, 'Litros de aceite de motor', NULL, 0, 230),
(693, 137, 1, 'Filtro de aceite', NULL, 0, 280),
(694, 137, 2, 'Carbuclean', NULL, 0, 130),
(695, 137, 1, 'Silicón', NULL, 0, 260),
(697, 137, 1, 'Servicio (mano de obra)', NULL, 1, 4500),
(698, 140, 1, 'Juego de balatas delanteras', NULL, 0, 1350),
(699, 140, 1, 'Juego de balatas traseras', NULL, 0, 1200),
(700, 140, 1, 'Sensor de desgaste de freno delantero', NULL, 0, 380),
(701, 140, 1, 'Sensor de desgaste de freno trasero', NULL, 0, 280),
(702, 140, 4, 'Rectificación de disco', NULL, 0, 200),
(703, 140, 1, 'Limpiador de frenos', NULL, 0, 130),
(704, 140, 1, 'Servicio (mano de obra)', NULL, 1, 1200),
(705, 136, 1, 'Amortiguador delantero', NULL, 0, 1380),
(706, 136, 1, 'Base de amortiguador trasero', NULL, 0, 650),
(707, 136, 1, 'Servicio (mano de obra)', NULL, 1, 500),
(708, 141, 2, 'Bujes grande de horquilla', NULL, 0, 290),
(709, 141, 2, 'Bujes chicos de horquilla', NULL, 0, 506),
(712, 141, 1, 'Remplazo de bujes de horquilla', NULL, 0, 800),
(713, 141, 1, 'Caja de dirección', NULL, 0, 3200),
(715, 141, 1, 'Servicio (mano de obra)', NULL, 1, 1800),
(716, 142, 1, 'Cubre polvo de flecha homocinética (lado rueda)', NULL, 0, 240),
(717, 142, 1, 'Cubre polvo de flecha homocinética (lado caja)', NULL, 0, 320),
(718, 142, 1, 'Servicio (mano de obra)', NULL, 1, 600),
(719, 143, 4, 'Litros de aceite de motor', NULL, 0, 230),
(720, 143, 1, 'Filtro de aceite', NULL, 0, 240),
(721, 143, 1, 'Filtro de aire', NULL, 0, 280),
(722, 143, 1, 'Filtro de cabina', NULL, 0, 320),
(723, 143, 4, 'Bujías de platino', NULL, 0, 84),
(724, 143, 1, 'Carbuclean', NULL, 0, 130),
(725, 143, 1, 'Líquido para lavar inyectores', NULL, 0, 200),
(726, 143, 1, 'Foco halógeno H8', NULL, 0, 180),
(727, 143, 1, 'Foco halógeno H4', NULL, 0, 160),
(728, 143, 1, 'Foco de luz de reversa', NULL, 0, 30),
(729, 143, 1, 'Foco de luz de cuarto trasero', NULL, 0, 40),
(730, 143, 1, 'Servicio (mano de obra)', NULL, 1, 2400),
(731, 144, 1, 'Módulo VTG', NULL, 0, 2900),
(732, 144, 2, 'Amortiguador delantero', NULL, 0, 2890),
(733, 144, 2, 'Amortiguadores trasero', NULL, 0, 2760),
(734, 144, 2, 'Base de amortiguador delantero', NULL, 0, 980),
(735, 144, 2, 'Base de amortiguador trasero', NULL, 0, 640),
(736, 144, 2, 'Brazos curvos', NULL, 0, 2740),
(737, 144, 2, 'Brazos rectos', NULL, 0, 2380),
(738, 144, 2, 'Tornillos estabilizadores', NULL, 0, 660),
(739, 144, 1, 'Juego de gomas de barra estabilizadora delantera', NULL, 0, 360),
(740, 144, 1, 'Base de motor lado derecho', NULL, 0, 1840),
(741, 144, 1, 'Base de motor lado izquierdo', NULL, 0, 2735),
(742, 144, 1, 'Base de transmisión', NULL, 0, 1980),
(743, 144, 7, 'Litros de aceite de motor', NULL, 0, 230),
(744, 144, 1, 'Filtro de aceite', NULL, 0, 280),
(745, 144, 1, 'Filtro de aire', NULL, 0, 270),
(746, 144, 1, 'Filtro de cabina', NULL, 0, 430),
(747, 144, 6, 'Bujías', NULL, 0, 320),
(756, 144, 1, 'Servicio (mano de obra)', NULL, 1, 7900),
(757, 145, 1, 'Bomba de agua', NULL, 0, 1900),
(761, 145, 1, 'Anticongelante', NULL, 0, 290),
(762, 145, 3, 'Abrazaderas', NULL, 0, 40),
(764, 147, 1, 'Caja de dirección con módulo', NULL, 0, 23700),
(765, 147, 1, 'Servicio (mano de obra)', NULL, 1, 2800),
(766, 148, 4, 'Litros de aceite de motor', NULL, 0, 230),
(767, 148, 1, 'Filtro de aceite', NULL, 0, 280),
(768, 148, 1, 'Servicio (mano de obra)', NULL, 1, 600),
(769, 149, 5, 'Litros de aceite de motor', NULL, 0, 230),
(770, 149, 1, 'Filtro de aceite', NULL, 0, 180),
(771, 149, 1, 'Filtro de aire', NULL, 0, 220),
(772, 149, 1, 'Filtro de cabina', NULL, 0, 215),
(773, 149, 4, 'Bujías de platino', NULL, 0, 232),
(774, 149, 1, 'Carbuclean', NULL, 0, 130),
(775, 149, 1, 'Líquido para lavar inyectores', NULL, 0, 200),
(776, 149, 1, 'Servicio (mano de obra)', NULL, 1, 1400),
(777, 150, 4, 'Litros de aceite de motor', NULL, 0, 230),
(778, 150, 1, 'Filtro de aceite', NULL, 0, 290),
(779, 150, 1, 'Filtro de aire', NULL, 0, 341),
(780, 150, 1, 'Filtro de cabina', NULL, 0, 302),
(781, 150, 1, 'Filtro de gasolina', NULL, 0, 464),
(782, 150, 4, 'Bujías', NULL, 0, 90),
(783, 150, 1, 'Líquido para lavar inyectores', NULL, 0, 200),
(784, 150, 1, 'Carbuclean', NULL, 0, 130),
(785, 150, 1, 'Servicio (mano de obra)', NULL, 1, 1400),
(786, 145, 1, 'Servicio (mano de obra)', NULL, 1, 1200),
(787, 151, 4, 'Litros de aceite de motor', NULL, 0, 230),
(788, 151, 1, 'Filtro de aceite', NULL, 0, 180),
(789, 151, 1, 'Servicio (mano de obra)', NULL, 1, 500),
(790, 152, 5, 'Litros de aceite de motor', NULL, 0, 230),
(791, 152, 1, 'Filtro de aceite', NULL, 0, 180),
(792, 152, 1, 'Servicio (mano de obra)', NULL, 1, 300),
(793, 153, 5, 'Litros de aceite de motor', NULL, 0, 230),
(794, 153, 1, 'Filtro de aceite', NULL, 0, 256),
(795, 153, 1, 'Servicio (mano de obra)', NULL, 1, 300),
(796, 154, 2, 'Bujes grande de horquilla', NULL, 0, 390),
(797, 154, 1, 'Base de torsión inferior', NULL, 0, 870),
(798, 154, 1, 'Servicio (mano de obra)', NULL, 1, 1300),
(799, 155, 1, 'Base de transmisión', NULL, 0, 0),
(800, 155, 1, 'Servicio (mano de obra)', NULL, 1, 300),
(801, 156, 1, 'Solenoide de motor de arranque', NULL, 0, 860),
(802, 156, 1, 'Porta carbones de motor de arranque', NULL, 0, 340),
(803, 156, 1, 'Carbuclean', NULL, 0, 130),
(804, 156, 1, 'Servicio (mano de obra)', NULL, 1, 1200),
(809, 158, 2, 'Cubre polvo de flecha homocinética (lado caja)', NULL, 0, 800),
(810, 158, 2, 'Amortiguador delantero', NULL, 0, 3950),
(812, 158, 2, 'Base de amortiguador delantero', NULL, 0, 1180),
(813, 158, 1, 'Juego de balatas traseras', NULL, 0, 960),
(816, 159, 1, 'Solenoide de motor de arranque', NULL, 0, 980),
(817, 159, 1, 'Engrane planetario de motor de arranque', NULL, 0, 190),
(818, 159, 2, 'Tornillos para solenoide de motor de arranque', NULL, 0, 15),
(819, 159, 1, 'Servicio (mano de obra)', NULL, 1, 1300),
(820, 161, 1, 'Batería', NULL, 0, 5984),
(821, 161, 5, 'Litros de aceite de motor', NULL, 0, 230),
(822, 161, 1, 'Filtro de aceite', NULL, 0, 320),
(823, 161, 1, 'Carbuclean', NULL, 0, 130),
(824, 161, 1, 'Servicio (mano de obra)', NULL, 1, 1500),
(825, 158, 1, 'Regulador y flotador de combustible', NULL, 0, 8700),
(826, 158, 1, 'Servicio (mano de obra)', NULL, 1, 4600),
(827, 163, 1, 'Rectificación de disco', NULL, 0, 200),
(828, 163, 2, 'Tornillos estabilizadores', NULL, 0, 290),
(829, 163, 1, 'Juego de gomas de barra estabilizadora delantera', NULL, 0, 390),
(830, 163, 1, 'Servicio (mano de obra)', NULL, 1, 1500),
(831, 164, 1, 'Servicio (mano de obra)', NULL, 1, 1257),
(832, 160, 5, 'Litros de aceite de motor', NULL, 0, 130),
(833, 160, 1, 'Filtro de aceite', NULL, 0, 280),
(834, 160, 1, 'Filtro de cabina', NULL, 0, 340),
(835, 160, 1, 'Litro de aceite de dirección hidráulica', NULL, 0, 220),
(836, 160, 1, 'Repuesto de bomba de gasolina', NULL, 0, 1300),
(837, 160, 1, 'Carbuclean', NULL, 0, 130),
(838, 160, 4, 'Lavado de inyectores por laboratorio', NULL, 0, 200),
(839, 160, 1, 'Servicio (mano de obra)', NULL, 1, 3500),
(840, 162, 1, 'Servicio (mano de obra)', NULL, 1, 0),
(841, 165, 5, 'Litros de aceite de motor', NULL, 0, 230),
(842, 165, 1, 'Filtro de aceite', NULL, 0, 250),
(843, 165, 1, 'Servicio (mano de obra)', NULL, 1, 300),
(844, 166, 1, 'Servicio (mano de obra)', NULL, 1, 400),
(845, 167, 1, 'Empaque de tapa de punterías', NULL, 0, 396),
(846, 167, 1, 'Carbuclean', NULL, 0, 130),
(847, 167, 1, 'Rectificación de disco', NULL, 0, 200),
(848, 167, 1, 'Servicio (mano de obra)', NULL, 1, 1000),
(849, 100, 1, 'Servicio (mano de obra)', NULL, 1, 800),
(850, 157, 1, 'Servicio (mano de obra)', NULL, 1, 800),
(851, 169, 1, 'Chicote de palanca de velocidades', NULL, 0, 900),
(852, 169, 1, 'Chicote de reversa de palanca de velocidades', NULL, 0, 680),
(853, 169, 1, 'Servicio (mano de obra)', NULL, 1, 1400),
(854, 168, 1, 'Juego de balatas delanteras', 'Autozone', 0, 890),
(855, 168, 2, 'Rectificación de disco', NULL, 0, 200),
(856, 168, 1, 'Antena de radio', 'Autozone', 0, 100),
(857, 168, 1, 'Pluma limpia-parabrisas derecho', NULL, 0, 350),
(858, 168, 1, 'Pluma limpia-parabrisas izquierdo', NULL, 0, 300),
(859, 168, 1, 'Pluma limpia-parabrisas trasero', NULL, 0, 150),
(860, 168, 1, 'Servicio (mano de obra)', NULL, 1, 800),
(861, 170, 1, 'Juego de cables de bujías', NULL, 0, 500),
(862, 170, 1, 'Servicio (mano de obra)', NULL, 1, 1000),
(863, 171, 1, 'Juego de gomas de barra estabilizadora delantera', NULL, 0, 900),
(864, 171, 2, 'Bobina de encendido', NULL, 0, 870),
(865, 171, 1, 'Servicio (mano de obra)', NULL, 1, 2500);

SET IDENTITY_INSERT services_items OFF;

TRUNCATE TABLE settings;
SET IDENTITY_INSERT settings ON ;
INSERT INTO settings (id, name, value, section) VALUES
(3, 'telegram_api', 'bot8169963766:AAGGQYcAR-bwEew8p9Amo5SWb-PL79IQGAM', ''),
(4, 'whatsapp_api', 'EAARe8OvWY7MBO9XINyyUBxlqHa8Eim5r6ZAcLtGbAlhGZA8SP9vYlkdUWQhJfivKSUYCTu99Qq6zYZAfcX0cO1GhgGIb8bBw4NsfGs2RmomZCqihD0mAC49hSDRVkT2lyG8Ts8srQvkLGLZA0mchlP3D1y7JQFZANEqSyB7I0qKAhK7rQEZBYMoahp5A4u6SyUG2nXLXVNZCN9Lc9EGcvC2eYniD', ''),
(5, 'genericClient', '37', NULL);

SET IDENTITY_INSERT settings OFF;

TRUNCATE TABLE settings_vacations;
SET IDENTITY_INSERT settings_vacations ON ;
INSERT INTO settings_vacations (id, name, value) VALUES
(1, 'year1', '12'),
(2, 'year2', '14');

SET IDENTITY_INSERT settings_vacations OFF;

TRUNCATE TABLE users;
SET IDENTITY_INSERT users ON ;
INSERT INTO users (id, name, phone, email, password, status, rol, comments, remember_token, created_at, updated_at) VALUES
(1, 'Marcos Tzuc Cen', '9991210261', 'mtc.nxd@gmail.com', '$2y$12$XOAUu56juXnI9yDDAOM9NeUQXFvs73AJRTXy/EjjILsYUNfBaIDq2', 'Activo', 'Admin', NULL, NULL, '2023-03-01 20:35:13', NULL),
(2, 'Javier Rubio Magaña', '9994484463', 'j-ar-8@hotmail.com', '$2y$12$MDgDGZxFldFebhxmJU7TR.pqpZJtpYpH8kebfUEw8K5qidIqkAymi', 'Activo', 'Admin', NULL, NULL, '2023-03-01 20:35:13', '2025-02-27 20:35:13'),
(3, 'Alexander Xix Ortiz', '9971035139', 'alexanderxixjr@gmail.com', '$2y$12$z5QnjYu5ufK5.IpyD93vRec0v4AlzplFS6SMw574gfawDr8Zq/.Im', 'Activo', 'Limit', 'Mecanico', NULL, '2024-01-22 20:35:59', '2025-02-27 20:35:59'),
(4, 'Ingenieria Mecanica Rubio', '9991000000', 'admin@mecanicarubio.com', '', 'Activo', 'Admin', NULL, NULL, NULL, NULL);

SET IDENTITY_INSERT users OFF;

TRUNCATE TABLE vacations_history;

TRUNCATE TABLE vacations_pendings;

ALTER TABLE password_reset_tokens
  ADD PRIMARY KEY (email);
COMMIT;

/*!40101 SET CHARACTER_SET_CLIENT=@OLD_CHARACTER_SET_CLIENT */;
/*!40101 SET CHARACTER_SET_RESULTS=@OLD_CHARACTER_SET_RESULTS */;
/*!40101 SET COLLATION_CONNECTION=@OLD_COLLATION_CONNECTION */;
